Course,Area,Topic,In_Level_1,In_Level_2,In_Level_3,In_Level_4,Reoccurs
ChemicalEngineering,Area1,"print, sufficient, review, vmgos, correct",0,1,1,0,1
ChemicalEngineering,Area1,"integral, introductory, syllabus, vmgos, course",0,0,0,0,0
ChemicalEngineering,Area1,"authority, approval, region, industry, concerned",0,0,0,0,0
ChemicalEngineering,Area1,"grammar, edit, committee, present, review",0,1,1,0,1
ChemicalEngineering,Area1,"print, version, sufficient, copy, correct",0,0,0,0,0
ChemicalEngineering,Area1,"influence, conduct, study, determine, make",1,1,1,0,1
ChemicalEngineering,Area1,"program, influence, conduct, study, determine",1,1,1,0,1
ChemicalEngineering,Area1,"influence, conduct, study, determine, make",1,1,1,0,1
ChemicalEngineering,Area1,"play, attractive, cartoon, retention, make",1,0,0,0,0
ChemicalEngineering,Area1,"activity, mmsus, workplace, mmsu, graduate",1,1,0,0,1
ChemicalEngineering,Area1,"review, activity, determine, recommend, program",1,1,1,0,1
ChemicalEngineering,Area1,"clearly, character, attitude, moral, term",0,1,0,0,0
ChemicalEngineering,Area1,"determine, recommend, program, objective, survey",1,1,1,0,1
ChemicalEngineering,Area1,"specific, formulate, suit, survey, objective",0,1,1,0,1
ChemicalEngineering,Area1,"determine, recommend, program, objective, survey",1,1,1,0,1
ChemicalEngineering,Area1,"awareness, study, result, conduct, acceptability",1,0,1,0,0
ChemicalEngineering,Area1,"awareness, result, conduct, acceptability, stakeholder",1,0,1,0,0
ChemicalEngineering,Area1,"revision, review, program, survey, objective",1,1,1,0,0
ChemicalEngineering,Area1,"marketplace, permit, bus, jeepney, hall",0,0,1,0,0
ChemicalEngineering,Area1,"congruency, fully, appropriate, student, document",0,0,1,0,0
ChemicalEngineering,Area10,"evaluate, plan, development, term, long",0,0,0,0,0
ChemicalEngineering,Area10,"budget, provide, specific, maintain, recommend",1,1,0,0,1
ChemicalEngineering,Area10,"retrieve, management, time, budget, document",1,1,1,0,1
ChemicalEngineering,Area10,"engineering, scheme, formulate, enroll, student",0,1,1,0,1
ChemicalEngineering,Area10,"planning, document, policy, activity, college",1,1,1,0,1
ChemicalEngineering,Area10,"attach, pertinent, comprehensive, faculty, policy",1,1,0,0,1
ChemicalEngineering,Area10,"equipment, provide, time, college, budget",1,1,0,0,1
ChemicalEngineering,Area10,"easily, retrieve, activity, order, document",1,1,1,0,1
ChemicalEngineering,Area10,"recommends, operation, allocation, monitor, specific",1,0,0,0,0
ChemicalEngineering,Area10,"maintain, team, recommends, monitor, specific",1,0,0,0,0
ChemicalEngineering,Area10,"participation, encourage, easy, preparation, budget",1,1,0,0,0
ChemicalEngineering,Area10,"relevant, attach, faculty, period, document",1,1,1,0,1
ChemicalEngineering,Area10,"generate, resource, measure, implementation, student",0,1,1,0,1
ChemicalEngineering,Area10,"client, post, office, possible, unit",0,1,1,0,1
ChemicalEngineering,Area10,"provide, management, copy, repository, institution",1,1,0,0,0
ChemicalEngineering,Area10,"update, improve, action, document, present",1,1,1,0,0
ChemicalEngineering,Area10,"period, cover, update, document, present",1,1,1,0,0
ChemicalEngineering,Area10,"revise, concern, student, logbook, issue",0,1,1,0,0
ChemicalEngineering,Area10,"satisfaction, survey, unit, improve, action",0,1,1,0,0
ChemicalEngineering,Area10,"event, caption, activity, indicate, document",1,1,1,0,0
ChemicalEngineering,Area2,"graduate, complete, faculty, encourage, member",1,1,1,0,1
ChemicalEngineering,Area2,"load, teach, schedule, class, faculty",1,1,1,0,1
ChemicalEngineering,Area2,"support, administration, budget, development, faculty",1,1,1,0,1
ChemicalEngineering,Area2,"organization, membership, grow, member, encourage",1,1,0,0,1
ChemicalEngineering,Area2,"material, instructional, research, member, preparation",1,1,1,0,1
ChemicalEngineering,Area2,"instructional, enhance, develop, learn, observe",1,0,1,0,1
ChemicalEngineering,Area2,"different, preparation, subject, academic, observe",1,0,0,0,0
ChemicalEngineering,Area2,"laboratory, lecture, meet, student, faculty",1,1,1,0,1
ChemicalEngineering,Area2,"avoid, review, number, faculty, member",1,1,1,0,1
ChemicalEngineering,Area2,"number, avoid, professional, load, teach",1,1,0,0,1
ChemicalEngineering,Area2,"member, meet, continuously, faculty, degree",1,1,1,0,1
ChemicalEngineering,Area2,"manual, workbook, department, laboratory, teach",1,1,0,0,0
ChemicalEngineering,Area2,"department, laboratory, teach, faculty, continuously",1,1,1,0,1
ChemicalEngineering,Area2,"department, laboratory, teach, faculty, continuously",1,1,1,0,1
ChemicalEngineering,Area2,"upgrade, laboratory, department, teach, lecture",1,1,0,0,0
ChemicalEngineering,Area2,"live, blend, time, learn, university",1,0,1,0,0
ChemicalEngineering,Area2,"current, recent, emphasize, syllabus, instructional",1,0,1,0,0
ChemicalEngineering,Area2,"require, candidate, refereed, minimum, hire",0,0,1,0,0
ChemicalEngineering,Area2,"time, instructional, document, faculty, syllabus",1,1,1,0,0
ChemicalEngineering,Area2,"write, publishing, program, faculty, document",1,1,1,0,0
ChemicalEngineering,Area3,"evaluation, performance, outstanding, rating, faculty",1,1,1,0,1
ChemicalEngineering,Area3,"widen, submit, department, agency, student",1,0,1,0,1
ChemicalEngineering,Area3,"download, modify, not_be, reading, additional",0,0,0,0,0
ChemicalEngineering,Area3,"uniformly, document, book, subject, purchase",0,0,0,0,0
ChemicalEngineering,Area3,"decrease, extensive, number, follow, instructor",1,0,0,0,1
ChemicalEngineering,Area3,"activity, warrant, field, study, faculty",1,1,1,0,1
ChemicalEngineering,Area3,"invite, suggest, reference, curriculum, college",1,1,0,0,1
ChemicalEngineering,Area3,"number, member, review, instructional, encourage",1,1,1,0,1
ChemicalEngineering,Area3,"period, university, far, student, unit",1,0,1,0,1
ChemicalEngineering,Area3,"workshop, test, construction, graduate, conduct",1,1,1,0,1
ChemicalEngineering,Area3,"college, industrial, faculty, consider, member",1,1,1,0,1
ChemicalEngineering,Area3,"encourage, construct, base, faculty, member",1,1,1,0,1
ChemicalEngineering,Area3,"research, commendable, study, tracer, graduate",1,1,1,0,1
ChemicalEngineering,Area3,"develop, ched, syllabus, consider, member",1,1,1,0,1
ChemicalEngineering,Area3,"college, industrial, faculty, consider, member",1,1,1,0,1
ChemicalEngineering,Area3,"home, laboratory, platform, faculty, student",1,1,1,0,0
ChemicalEngineering,Area3,"receipt, mvle, list, indicate, distribution",0,0,1,0,0
ChemicalEngineering,Area3,"board, examination, percentage, topnotchers, passing",0,0,1,0,0
ChemicalEngineering,Area3,"ched, format, instructional, instruction, syllabus",1,1,1,0,0
ChemicalEngineering,Area3,"quality, faculty, update, consider, graduate",1,1,1,0,0
ChemicalEngineering,Area4,"serve, particular, evaluation, student, organization",1,1,1,0,1
ChemicalEngineering,Area4,"parent, ssdo, plan, document, activity",1,1,1,0,1
ChemicalEngineering,Area4,"willingness, participate, continue, school, activity",1,1,1,0,1
ChemicalEngineering,Area4,"service, year, unit, result, various",0,1,0,0,1
ChemicalEngineering,Area4,"document, school, year, evaluation, activity",1,1,1,0,1
ChemicalEngineering,Area4,"highly, need, student, label, properly",1,1,1,0,1
ChemicalEngineering,Area4,"date, properly, label, student, activity",1,1,1,0,1
ChemicalEngineering,Area4,"highly, need, student, label, properly",1,1,1,0,1
ChemicalEngineering,Area4,"designate, cater, member, student, need",1,1,1,0,1
ChemicalEngineering,Area4,"highly, need, student, label, properly",1,1,1,0,1
ChemicalEngineering,Area4,"activity, college, publication, student, unit",1,1,1,0,1
ChemicalEngineering,Area4,"publication, unit, document, update, student",1,1,1,0,1
ChemicalEngineering,Area4,"school, service, unit, student, activity",1,1,1,0,1
ChemicalEngineering,Area4,"benefit, college, program, consider, student",1,1,1,0,1
ChemicalEngineering,Area4,"clientele, accordance, unit, guidance, student",1,1,1,0,1
ChemicalEngineering,Area4,"security, renewal, personnel, license, regular",0,0,1,0,0
ChemicalEngineering,Area4,"survey, activity, program, conduct, student",1,1,1,0,0
ChemicalEngineering,Area4,"program, production, encourage, yearbook, publication",0,1,1,0,0
ChemicalEngineering,Area4,"college, guidance, degree, consider, program",0,1,1,0,0
ChemicalEngineering,Area4,"action, level, student, increase, document",1,1,1,0,0
ChemicalEngineering,Area5,"result, make, college, research, conduct",1,1,1,0,1
ChemicalEngineering,Area5,"different, output, office, college, research",1,1,1,0,1
ChemicalEngineering,Area5,"review, inhouse, proceeding, conduct, make",1,1,0,0,1
ChemicalEngineering,Area5,"state, guide, manuscript, write, research",1,1,1,0,1
ChemicalEngineering,Area5,"income, school, copyright, university, conduct",0,0,1,0,1
ChemicalEngineering,Area5,"agenda, output, different, research, institution",1,1,1,0,1
ChemicalEngineering,Area5,"organization, library, output, institution, research",1,1,1,0,1
ChemicalEngineering,Area5,"agenda, review, stakeholder, different, institution",1,1,0,0,1
ChemicalEngineering,Area5,"consideration, submit, training, write, refereed",1,0,1,0,1
ChemicalEngineering,Area5,"faculty, embark, release, designation, institution",1,0,0,0,0
ChemicalEngineering,Area5,"update, development, fully, research, make",1,1,1,0,1
ChemicalEngineering,Area5,"promotional, organization, possible, research, development",1,1,1,0,1
ChemicalEngineering,Area5,"document, extension, instruction, improvement, fully",0,1,0,0,0
ChemicalEngineering,Area5,"agenda, various, make, program, research",1,1,1,0,1
ChemicalEngineering,Area5,"update, development, fully, research, make",1,1,1,0,1
ChemicalEngineering,Area5,"order, research, monitor, encourage, output",1,1,1,0,0
ChemicalEngineering,Area5,"costly, management, consider, order, research",1,1,1,0,0
ChemicalEngineering,Area5,"consideration, world, output, research, publication",1,1,1,0,0
ChemicalEngineering,Area5,"laboratory, produce, university, consider, output",1,0,1,0,0
ChemicalEngineering,Area5,"carefully, sustainable, encourage, monitor, research",1,1,1,0,0
ChemicalEngineering,Area6,"deloaded, load, office, service, extension",1,1,1,0,1
ChemicalEngineering,Area6,"equipment, set, filing, office, need",0,0,0,0,0
ChemicalEngineering,Area6,"possible, replanning, analyze, conduct, activity",0,1,1,0,1
ChemicalEngineering,Area6,"prioritize, undertaken, target, conduct, training",0,1,1,0,1
ChemicalEngineering,Area6,"conduct, extension, properly, document, activity",1,1,1,0,1
ChemicalEngineering,Area6,"technology, document, properly, institution, utilization",1,0,1,0,1
ChemicalEngineering,Area6,"participative, process, include, student, community",1,0,0,0,0
ChemicalEngineering,Area6,"documentation, budget, assessment, institution, utilization",1,0,0,0,0
ChemicalEngineering,Area6,"consultant, availment, tor, require, order",1,0,0,0,0
ChemicalEngineering,Area6,"evaluation, extension, program, assessment, planning",1,1,1,0,1
ChemicalEngineering,Area6,"prior, possible, incorporate, project, extension",1,1,1,0,1
ChemicalEngineering,Area6,"outreach, continuity, ensure, consider, activity",0,1,1,0,1
ChemicalEngineering,Area6,"conduct, establish, project, extension, make",1,1,1,0,1
ChemicalEngineering,Area6,"program, sustainability, make, extension, project",1,1,1,0,1
ChemicalEngineering,Area6,"workable, extension, program, sustainability, project",1,1,1,0,1
ChemicalEngineering,Area6,"relevant, base, maybe, conduct, document",1,1,1,0,0
ChemicalEngineering,Area6,"picture, properly, extension, document, project",1,1,1,0,0
ChemicalEngineering,Area6,"mmsu, farmer, activity, implement, extension",1,1,1,0,0
ChemicalEngineering,Area6,"picture, properly, extension, document, project",1,1,1,0,0
ChemicalEngineering,Area6,"regular, extension, document, properly, project",1,1,1,0,0
ChemicalEngineering,Area7,"additional, simple, library, student, staff",1,1,0,0,1
ChemicalEngineering,Area7,"current, seminar, workshop, library, staff",1,1,0,0,1
ChemicalEngineering,Area7,"additional, simple, library, student, staff",1,1,0,0,1
ChemicalEngineering,Area7,"collegesuniversitys, adequate, quality, necessary, student",0,1,1,0,1
ChemicalEngineering,Area7,"various, reading, effective, library, information",1,1,0,0,1
ChemicalEngineering,Area7,"offer, online, service, access, library",1,1,0,0,1
ChemicalEngineering,Area7,"cover, comprehensive, acquisition, program, library",1,1,1,0,1
ChemicalEngineering,Area7,"locally, journal, acquisition, program, resource",1,1,1,0,1
ChemicalEngineering,Area7,"accomplishment, develop, late, promotes, library",1,1,0,0,1
ChemicalEngineering,Area7,"air, electric, unit, learn, fan",1,0,0,0,0
ChemicalEngineering,Area7,"library, development, engineering, policy, collection",1,1,1,0,1
ChemicalEngineering,Area7,"recent, professional, program, acquisition, book",1,1,1,0,1
ChemicalEngineering,Area7,"review, present, implement, yearly, plan",0,1,0,0,0
ChemicalEngineering,Area7,"plan, book, standard, library, program",1,1,1,0,1
ChemicalEngineering,Area7,"quantity, quality, conforms, set, standard",0,1,0,0,0
ChemicalEngineering,Area7,"book, necessary, acquisition, subject, professional",1,1,1,0,0
ChemicalEngineering,Area7,"require, year, collection, program, subject",1,1,1,0,0
ChemicalEngineering,Area7,"weedingout, efficient, sustain, collection, regular",0,1,1,0,0
ChemicalEngineering,Area7,"sustain, program, regular, collection, subject",1,1,1,0,0
ChemicalEngineering,Area7,"pathfinder, need, index, research, abstract",0,0,1,0,0
ChemicalEngineering,Area8,"corridor, financial, engineering, resource, college",1,0,1,0,1
ChemicalEngineering,Area8,"potability, properly, room, safety, class",1,1,0,0,1
ChemicalEngineering,Area8,"exert, school, repair, allot, desirable",0,0,0,0,0
ChemicalEngineering,Area8,"building, canteen, number, extinguisher, classroom",1,1,0,0,1
ChemicalEngineering,Area8,"protection, perimeter, university, personnel, student",0,1,1,0,1
ChemicalEngineering,Area8,"instal, indoor, functional, college, facility",1,1,1,0,1
ChemicalEngineering,Area8,"outside, painting, ay, provide, suggest",1,1,0,0,1
ChemicalEngineering,Area8,"inside, provide, space, room, faculty",1,1,0,0,1
ChemicalEngineering,Area8,"maintenance, control, important, annual, building",1,1,0,0,1
ChemicalEngineering,Area8,"warrant, improve, canteen, accommodate, service",1,1,1,0,1
ChemicalEngineering,Area8,"safety, plan, post, building, visibly",1,1,0,0,0
ChemicalEngineering,Area8,"service, facility, administration, refurbishment, provide",1,1,1,0,1
ChemicalEngineering,Area8,"provide, instal, signal, central, alarm",1,1,0,0,0
ChemicalEngineering,Area8,"provide, instal, signal, central, alarm",1,1,0,0,0
ChemicalEngineering,Area8,"staff, student, facility, soon, possible",1,1,0,0,0
ChemicalEngineering,Area8,"food, college, servicescanteen, engineering, improve",1,0,1,0,0
ChemicalEngineering,Area8,"personnel, display, board, bulletin, update",0,0,1,0,0
ChemicalEngineering,Area8,"learn, conducive, budget, refurbish, warrant",1,0,1,0,0
ChemicalEngineering,Area8,"examination, establish, consider, prepare, administration",0,1,1,0,0
ChemicalEngineering,Area8,"personnel, present, substantial, document, update",0,0,1,0,0
ChemicalEngineering,Area9,"isbn, serve, revisedupdated, faculty, manual",1,0,0,0,1
ChemicalEngineering,Area9,"chemical, analytical, purchase, room, laboratory",1,1,1,0,1
ChemicalEngineering,Area9,"generator, plan, continue, develop, unit",1,0,1,0,1
ChemicalEngineering,Area9,"numerous, faculty, student, room, laboratory",1,1,1,0,1
ChemicalEngineering,Area9,"development, laboratory, lab, student, class",1,1,1,0,1
ChemicalEngineering,Area9,"focus, faculty, possible, instruction, place",1,0,0,0,0
ChemicalEngineering,Area9,"drill, regular, conduct, schedule, management",1,1,0,0,1
ChemicalEngineering,Area9,"dish, evaporate, ml, gm, pc",1,0,0,0,0
ChemicalEngineering,Area9,"unit, activity, laboratory, suggest, repair",1,1,1,0,1
ChemicalEngineering,Area9,"antidote, aid, encourage, provide, post",1,0,1,0,1
ChemicalEngineering,Area9,"maybe, end, modification, room, construction",0,1,1,0,1
ChemicalEngineering,Area9,"donate, laboratory, issue, equipment, user",1,1,1,0,1
ChemicalEngineering,Area9,"administration, modification, room, construction, instrument",0,1,1,0,1
ChemicalEngineering,Area9,"maybe, end, modification, room, construction",0,1,1,0,1
ChemicalEngineering,Area9,"maintenance, conduct, high, administration, end",1,1,0,0,0
ChemicalEngineering,Area9,"room, inside, catalog, available, laboratory",1,1,1,0,0
ChemicalEngineering,Area9,"student, annual, training, provide, laboratory",1,1,1,0,0
ChemicalEngineering,Area9,"facility, continue, upgrade, program, equipment",0,1,1,0,0
ChemicalEngineering,Area9,"calibration, personnel, sign, incharge, laboratory",1,1,1,0,0
ChemicalEngineering,Area9,"present, update, substantial, document, properly",0,0,1,0,0
ComputerEngineering,Area1,"revision, understand, program, survey, objective",1,1,0,0,1
ComputerEngineering,Area1,"bus, authority, concerned, dissemination, hall",0,0,1,0,1
ComputerEngineering,Area1,"college, survey, program, objective, stakeholder",1,1,0,0,1
ComputerEngineering,Area1,"study, conduct, result, awareness, acceptability",1,0,1,0,1
ComputerEngineering,Area1,"presentation, educational, support, congruency, document",0,0,0,0,0
ComputerEngineering,Area1,"influence, conduct, study, determine, make",1,0,0,0,0
ComputerEngineering,Area1,"program, influence, conduct, study, determine",1,0,0,0,0
ComputerEngineering,Area1,"influence, conduct, study, determine, make",1,0,0,0,0
ComputerEngineering,Area1,"play, attractive, cartoon, retention, make",1,0,0,0,0
ComputerEngineering,Area1,"activity, mmsus, workplace, mmsu, graduate",1,0,0,0,0
ComputerEngineering,Area1,"documentation, actively, necessary, participate, stakeholder",0,1,0,0,0
ComputerEngineering,Area1,"objective, element, extension, cultural, review",0,1,1,0,1
ComputerEngineering,Area1,"staff, able, engineering, college, internalize",0,1,0,0,0
ComputerEngineering,Area1,"post, dedicate, level, encourage, stakeholder",0,1,0,0,0
ComputerEngineering,Area1,"documentation, actively, necessary, participate, stakeholder",0,1,0,0,0
ComputerEngineering,Area1,"incorporate, ensure, discussion, syllabus, vmgos",0,0,1,0,0
ComputerEngineering,Area1,"incorporate, ensure, discussion, syllabus, vmgos",0,0,1,0,0
ComputerEngineering,Area1,"linkage, involve, acceptability, course, concerned",0,0,1,0,0
ComputerEngineering,Area1,"vital, present, edit, review, vmgos",0,1,1,0,0
ComputerEngineering,Area1,"translation, copy, version, print, correct",0,0,1,0,0
ComputerEngineering,Area10,"departmental, program, document, activity, student",1,0,1,0,1
ComputerEngineering,Area10,"encourage, approve, document, activity, student",1,0,1,0,1
ComputerEngineering,Area10,"accordingly, organization, validity, need, conduct",1,0,0,0,1
ComputerEngineering,Area10,"departmental, program, document, activity, student",1,0,1,0,1
ComputerEngineering,Area10,"recommendation, say, compliance, suggest, accomplish",0,0,0,0,0
ComputerEngineering,Area10,"record, management, wellorganized, easily, need",1,0,0,0,0
ComputerEngineering,Area10,"provide, specific, maintain, college, budget",1,0,1,0,1
ComputerEngineering,Area10,"specifically, student, institution, activity, policy",1,0,1,0,1
ComputerEngineering,Area10,"team, recommends, order, document, faculty",1,0,1,0,1
ComputerEngineering,Area10,"evaluate, development, plan, short, monitor",1,0,1,0,1
ComputerEngineering,Area10,"asia, aqrf, aqan, time, high",0,1,1,0,1
ComputerEngineering,Area10,"network, quality, rank, asean, university",0,1,0,0,0
ComputerEngineering,Area10,"asia, aqrf, aqan, time, high",0,1,1,0,1
ComputerEngineering,Area10,"asia, aqrf, aqan, time, high",0,1,1,0,1
ComputerEngineering,Area10,"asia, aqrf, aqan, time, high",0,1,1,0,1
ComputerEngineering,Area10,"guideline, policy, implementation, institution, maintain",1,0,1,0,0
ComputerEngineering,Area10,"stage, planning, faculty, recommend, document",1,0,1,0,0
ComputerEngineering,Area10,"teach, provide, time, college, budget",1,1,1,0,0
ComputerEngineering,Area10,"monitor, specifi, operation, allocation, college",1,0,1,0,0
ComputerEngineering,Area10,"student, directly, affect, policy, activity",1,0,1,0,0
ComputerEngineering,Area2,"instructional, research, scholarly, output, faculty",1,1,1,0,1
ComputerEngineering,Area2,"specialization, align, graduate, pursue, field",0,0,1,0,1
ComputerEngineering,Area2,"submit, output, research, scholarly, journal",0,0,1,0,1
ComputerEngineering,Area2,"national, activity, encourage, member, faculty",1,1,1,0,1
ComputerEngineering,Area2,"utilization, readily, im, professional, instructional",0,0,1,0,1
ComputerEngineering,Area2,"production, class, encourage, provide, faculty",1,1,1,0,1
ComputerEngineering,Area2,"frequent, relationship, member, relevant, faculty",1,1,1,0,1
ComputerEngineering,Area2,"review, conform, workload, ensure, faculty",1,1,1,0,1
ComputerEngineering,Area2,"member, provide, relevant, faculty, class",1,1,1,0,1
ComputerEngineering,Area2,"unit, improve, environment, teach, additional",1,1,0,0,1
ComputerEngineering,Area2,"number, laboratory, additional, encourage, faculty",1,1,1,0,1
ComputerEngineering,Area2,"institution, let, teach, university, vacant",1,1,1,0,1
ComputerEngineering,Area2,"engagement, cpe, lecture, speak, encourage",1,1,1,0,1
ComputerEngineering,Area2,"duty, office, comfortably, room, faculty",1,1,1,0,1
ComputerEngineering,Area2,"number, laboratory, additional, encourage, faculty",1,1,1,0,1
ComputerEngineering,Area2,"easy, program, indicate, consultation, faculty",1,1,1,0,0
ComputerEngineering,Area2,"material, instructional, faculty, encourage, member",1,1,1,0,0
ComputerEngineering,Area2,"university, member, budget, research, faculty",1,1,1,0,0
ComputerEngineering,Area2,"development, administration, schedule, class, faculty",1,1,1,0,0
ComputerEngineering,Area2,"encourage, graduate, course, complete, relevant",1,1,1,0,0
ComputerEngineering,Area3,"establish, order, documentation, ipr, suggest",1,0,0,0,1
ComputerEngineering,Area3,"college, program, exchange, material, instructional",1,1,1,0,1
ComputerEngineering,Area3,"student, rate, academic, study, faculty",1,1,1,0,1
ComputerEngineering,Area3,"online, document, benchmark, uploaded, consider",0,0,0,0,0
ComputerEngineering,Area3,"expand, college, suggest, consider, faculty",1,1,1,0,1
ComputerEngineering,Area3,"feedback, statistically, curriculum, enhance, engineering",1,1,1,0,1
ComputerEngineering,Area3,"performance, encourage, academic, conduct, student",1,1,1,0,1
ComputerEngineering,Area3,"suggest, instruction, computer, instructional, material",1,1,1,0,1
ComputerEngineering,Area3,"lecture, arouse, activity, innovative, different",1,0,1,0,1
ComputerEngineering,Area3,"syllabus, academic, member, course, faculty",1,1,1,0,1
ComputerEngineering,Area3,"stakeholder, curriculum, university, faculty, encourage",1,1,1,0,1
ComputerEngineering,Area3,"stakeholder, curriculum, university, faculty, encourage",1,1,1,0,1
ComputerEngineering,Area3,"student, subject, tool, capability, mathematics",1,1,1,0,1
ComputerEngineering,Area3,"coe, administration, material, way, faculty",1,1,1,0,1
ComputerEngineering,Area3,"revision, stakeholder, curriculum, university, encourage",1,1,1,0,1
ComputerEngineering,Area3,"comprehensive, graduate, linkage, program, faculty",1,1,1,0,0
ComputerEngineering,Area3,"engineering, curriculum, member, encourage, student",1,1,1,0,0
ComputerEngineering,Area3,"property, exam, graduate, student, certification",1,1,1,0,0
ComputerEngineering,Area3,"policy, approve, review, instructional, material",1,1,1,0,0
ComputerEngineering,Area3,"syllabus, subject, unit, hour, lecture",1,1,1,0,0
ComputerEngineering,Area4,"regular, student, highly, consider, osas",1,1,1,0,1
ComputerEngineering,Area4,"regard, office, highly, consider, osas",0,0,0,0,0
ComputerEngineering,Area4,"documentation, osas, conduct, need, student",1,1,1,0,1
ComputerEngineering,Area4,"visit, observe, document, aaccup, encourage",0,1,1,0,1
ComputerEngineering,Area4,"housing, program, survey, need, student",1,1,1,0,1
ComputerEngineering,Area4,"cater, additional, guidance, student, need",1,1,1,0,1
ComputerEngineering,Area4,"folder, file, label, properly, need",1,1,0,0,1
ComputerEngineering,Area4,"information, provide, social, educational, student",1,1,1,0,1
ComputerEngineering,Area4,"person, picture, date, involves, activity",1,1,1,0,1
ComputerEngineering,Area4,"evaluation, properly, label, student, need",1,1,1,0,1
ComputerEngineering,Area4,"program, mmsu, safety, security, concrete",0,1,0,0,0
ComputerEngineering,Area4,"necessity, license, counselor, guidance, student",1,1,1,0,1
ComputerEngineering,Area4,"documentation, bulletin, board, post, activity",1,1,1,0,1
ComputerEngineering,Area4,"enjoin, advancement, obtain, degree, mastera",0,1,0,0,0
ComputerEngineering,Area4,"authenticity, sign, need, signature, document",1,1,1,0,1
ComputerEngineering,Area4,"evaluation, year, school, student, organization",1,1,1,0,0
ComputerEngineering,Area4,"guidance, counselorstudent, grow, requirement, population",1,1,1,0,0
ComputerEngineering,Area4,"result, various, document, activity, unit",1,1,1,0,0
ComputerEngineering,Area4,"result, various, year, ssdo, plan",0,0,1,0,0
ComputerEngineering,Area4,"documentation, support, plan, ssdo, activity",1,1,1,0,0
ComputerEngineering,Area5,"properly, improve, hel, publication, agency",0,0,0,0,0
ComputerEngineering,Area5,"consider, varied, publication, agency, research",1,1,1,0,1
ComputerEngineering,Area5,"help, barangay, lgu, consider, varied",0,0,0,0,0
ComputerEngineering,Area5,"patent, responsive, write, capability, research",1,1,1,0,1
ComputerEngineering,Area5,"input, service, additional, technical, suggest",1,1,0,0,1
ComputerEngineering,Area5,"action, output, suggest, college, research",1,1,1,0,1
ComputerEngineering,Area5,"research, output, faculty, college, suggest",1,1,1,0,1
ComputerEngineering,Area5,"analysis, faculty, conduct, student, research",1,1,1,0,1
ComputerEngineering,Area5,"research, output, faculty, college, suggest",1,1,1,0,1
ComputerEngineering,Area5,"involve, encourage, member, faculty, research",1,1,1,0,1
ComputerEngineering,Area5,"specialization, apply, involve, research, faculty",1,1,1,0,1
ComputerEngineering,Area5,"present, regional, international, work, research",1,1,1,0,1
ComputerEngineering,Area5,"college, suggest, activity, faculty, research",1,1,1,0,1
ComputerEngineering,Area5,"college, suggest, activity, faculty, research",1,1,1,0,1
ComputerEngineering,Area5,"college, suggest, activity, faculty, research",1,1,1,0,1
ComputerEngineering,Area5,"result, make, college, research, conduct",1,1,1,0,0
ComputerEngineering,Area5,"different, output, office, college, research",1,1,1,0,0
ComputerEngineering,Area5,"review, inhouse, proceeding, conduct, make",1,0,1,0,0
ComputerEngineering,Area5,"state, guide, manuscript, write, research",1,1,1,0,0
ComputerEngineering,Area5,"income, school, copyright, university, conduct",1,0,1,0,0
ComputerEngineering,Area6,"work, skill, student, improve, extension",1,1,1,0,1
ComputerEngineering,Area6,"evaluation, impact, monitoring, project, activity",0,1,1,0,1
ComputerEngineering,Area6,"institutionalize, foreign, agency, nongovernmental, local",1,0,0,0,1
ComputerEngineering,Area6,"strengthen, encourage, maximum, extension, activity",1,1,1,0,1
ComputerEngineering,Area6,"extension, project, sustainable, activity, suggest",1,1,1,0,1
ComputerEngineering,Area6,"training, acquire, skill, utilization, properly",1,0,1,0,1
ComputerEngineering,Area6,"assessment, extension, program, planning, community",1,1,1,0,1
ComputerEngineering,Area6,"tor, availment, moa, service, consultantsexperts",1,0,0,0,0
ComputerEngineering,Area6,"assistance, agency, additional, venture, institution",1,0,0,0,0
ComputerEngineering,Area6,"assessment, replanning, community, institution, utilization",1,0,1,0,1
ComputerEngineering,Area6,"best, analysis, need, extension, activity",1,1,1,0,1
ComputerEngineering,Area6,"relation, relevant, college, thrust, extension",1,1,1,0,1
ComputerEngineering,Area6,"relation, relevant, college, thrust, extension",1,1,1,0,1
ComputerEngineering,Area6,"encourage, student, work, involvement, extension",1,1,1,0,1
ComputerEngineering,Area6,"relation, relevant, college, thrust, extension",1,1,1,0,1
ComputerEngineering,Area6,"equipment, information, filing, printer, need",0,1,1,0,0
ComputerEngineering,Area6,"servicest, equivalent, teach, college, extension",1,1,1,0,0
ComputerEngineering,Area6,"assist, perform, activity, office, extension",1,1,1,0,0
ComputerEngineering,Area6,"evaluation, replanning, analyze, conduct, activity",1,1,1,0,0
ComputerEngineering,Area6,"assessment, undertaken, target, conduct, training",1,0,1,0,0
ComputerEngineering,Area7,"professional, continue, major, book, regular",0,1,0,0,1
ComputerEngineering,Area7,"weedingout, sustain, relevant, regular, collection",0,1,0,0,1
ComputerEngineering,Area7,"copyright, year, program, subject, collection",1,1,0,0,1
ComputerEngineering,Area7,"pathfinder, need, index, resource, abstractingof",1,0,0,0,1
ComputerEngineering,Area7,"weedingout, sustain, relevant, regular, collection",0,1,0,0,1
ComputerEngineering,Area7,"late, prepare, accomplishment, develop, library",1,0,1,0,1
ComputerEngineering,Area7,"install, warrant, sectionsareas, learn, library",1,0,1,0,1
ComputerEngineering,Area7,"online, offer, service, access, library",1,0,1,0,1
ComputerEngineering,Area7,"internationally, acquisition, program, resource, library",1,1,1,0,1
ComputerEngineering,Area7,"late, prepare, accomplishment, develop, library",1,0,1,0,1
ComputerEngineering,Area7,"quantity, quality, librarian, determine, set",0,1,1,0,1
ComputerEngineering,Area7,"quantity, quality, librarian, determine, set",0,1,1,0,1
ComputerEngineering,Area7,"plan, engineering, policy, development, collection",0,1,0,0,0
ComputerEngineering,Area7,"quantity, quality, librarian, determine, set",0,1,1,0,1
ComputerEngineering,Area7,"recent, professional, program, acquisition, book",1,1,0,0,0
ComputerEngineering,Area7,"additional, simple, library, student, staff",1,0,1,0,0
ComputerEngineering,Area7,"current, seminar, workshop, library, staff",1,0,1,0,0
ComputerEngineering,Area7,"additional, simple, library, student, staff",1,0,1,0,0
ComputerEngineering,Area7,"collegesuniversitys, adequate, quality, necessary, student",0,1,1,0,0
ComputerEngineering,Area7,"various, reading, effective, library, information",1,0,1,0,0
ComputerEngineering,Area8,"improve, college, construct, building, service",1,1,1,0,1
ComputerEngineering,Area8,"relax, dedicate, facility, faculty, provide",1,1,1,0,1
ComputerEngineering,Area8,"open, make, space, functional, suggest",1,0,0,0,0
ComputerEngineering,Area8,"suggest, college, facility, inside, building",1,1,1,0,1
ComputerEngineering,Area8,"material, require, regularly, facility, room",1,1,1,0,1
ComputerEngineering,Area8,"plan, stakeholder, escape, visibly, building",1,1,1,0,1
ComputerEngineering,Area8,"locate, sport, provide, additional, facility",1,1,1,0,1
ComputerEngineering,Area8,"consider, refurbishment, service, clientele, administration",1,1,0,0,0
ComputerEngineering,Area8,"exist, student, amenity, repair, need",0,1,1,0,1
ComputerEngineering,Area8,"possible, alarm, building, administration, facility",1,1,1,0,1
ComputerEngineering,Area8,"different, site, indicate, building, college",1,1,1,0,0
ComputerEngineering,Area8,"heavy, awningscanopies, provide, classroom, construction",1,1,1,0,0
ComputerEngineering,Area8,"canteen, number, room, student, college",1,1,1,0,0
ComputerEngineering,Area8,"ensure, corridor, extinguisher, college, resource",1,0,1,0,0
ComputerEngineering,Area8,"personnel, safety, properly, class, desirable",0,0,1,0,0
ComputerEngineering,Area9,"preparedness, assure, lecture, easy, encourage",0,1,0,0,1
ComputerEngineering,Area9,"user, guide, concerned, process, laboratory",1,1,1,0,1
ComputerEngineering,Area9,"highly, accomplish, suggest, recommendation, encourage",0,1,0,0,1
ComputerEngineering,Area9,"recommend, ensure, inventory, supply, equipment",0,1,0,0,1
ComputerEngineering,Area9,"survey, approve, accreditation, program, document",1,1,0,0,1
ComputerEngineering,Area9,"appropriately, unlforrn, size, paper, document",1,0,0,0,0
ComputerEngineering,Area9,"major, budget, permit, student, laboratory",1,1,1,0,1
ComputerEngineering,Area9,"light, warrant, electrlc, install, place",1,0,0,0,0
ComputerEngineering,Area9,"safety, precautionary, visibly, print, post",1,0,1,0,1
ComputerEngineering,Area9,"laboratory, permit, budget, additional, department",1,1,1,0,1
ComputerEngineering,Area9,"safe, ensure, end, donate, user",0,1,0,0,0
ComputerEngineering,Area9,"purchase, program, need, encourage, immediate",0,1,0,0,0
ComputerEngineering,Area9,"supply, room, additional, laboratory, equipment",1,1,1,0,1
ComputerEngineering,Area9,"consider, maintenance, faculty, proper, administration",0,1,1,0,1
ComputerEngineering,Area9,"state, efficiency, maximize, art, proper",0,1,0,0,0
ComputerEngineering,Area9,"post, font, readable, precautionary, regulation",1,0,1,0,0
ComputerEngineering,Area9,"employee, faculty, conduct, student, aid",1,1,1,0,0
ComputerEngineering,Area9,"availability, aside, operation, not_only, manual",0,0,1,0,0
ComputerEngineering,Area9,"faculty, student, conduct, aid, laboratory",1,1,1,0,0
ComputerEngineering,Area9,"fulltime, computer, charge, andor, laboratory",1,1,1,0,0
DevelopmentCommunication,Area1,"revise, final, copy, consistently, document",0,0,0,0,0
DevelopmentCommunication,Area1,"grassroots, facilitate, delivery, dissemination, wider",0,0,0,0,0
DevelopmentCommunication,Area1,"pictorial, internalization, document, make, available",1,0,0,0,1
DevelopmentCommunication,Area1,"revise, final, copy, consistently, document",0,0,0,0,0
DevelopmentCommunication,Area1,"revise, final, copy, consistently, document",0,0,0,0,0
DevelopmentCommunication,Area1,"result, submit, complete, acceptability, survey",1,0,0,0,0
DevelopmentCommunication,Area1,"goal, guide, objective, make, mapping",1,0,0,0,0
DevelopmentCommunication,Area1,"graduate, feedbacking, employability, study, tracer",1,0,0,0,0
DevelopmentCommunication,Area1,"feedback, outcome, program, consider, serve",1,0,0,0,0
DevelopmentCommunication,Area1,"result, complete, serve, program, consider",1,0,0,0,0
DevelopmentCommunication,Area10,"enforce, establish, implementation, monitoring, plan",0,0,0,0,0
DevelopmentCommunication,Area10,"enforce, establish, implementation, monitoring, plan",0,0,0,0,0
DevelopmentCommunication,Area10,"enforce, establish, implementation, monitoring, plan",0,0,0,0,0
DevelopmentCommunication,Area10,"enforce, establish, implementation, monitoring, plan",0,0,0,0,0
DevelopmentCommunication,Area10,"faculty, planning, process, stakeholder, student",1,0,0,0,1
DevelopmentCommunication,Area10,"additional, facility, instructional, equipment, student",1,0,0,0,0
DevelopmentCommunication,Area10,"study, tracer, determine, administration, student",1,0,0,0,0
DevelopmentCommunication,Area10,"faculty, generate, participative, staff, graduate",1,0,0,0,0
DevelopmentCommunication,Area10,"radio, manage, station, want, administration",1,0,0,0,0
DevelopmentCommunication,Area10,"extension, comprehensive, program, include, viz",1,0,0,0,0
DevelopmentCommunication,Area2,"program, faculty, development, functional, implement",0,0,0,0,0
DevelopmentCommunication,Area2,"relevance, study, motivate, program, faculty",0,0,0,0,0
DevelopmentCommunication,Area2,"time, ensure, service, payment, overload",0,0,0,0,0
DevelopmentCommunication,Area2,"encourage, membership, honor, foster, professional",1,0,0,0,1
DevelopmentCommunication,Area2,"teach, enrich, appropriate, reflect, acceptable",1,0,0,0,1
DevelopmentCommunication,Area2,"number, measure, maximum, quality, preparation",1,0,0,0,0
DevelopmentCommunication,Area2,"conduct, basis, encourage, research, instruction",1,0,0,0,0
DevelopmentCommunication,Area2,"enrich, date, aid, follow, varied",1,0,0,0,0
DevelopmentCommunication,Area2,"package, evaluation, evidence, center, coverage",1,0,0,0,0
DevelopmentCommunication,Area2,"conduct, basis, encourage, research, instruction",1,0,0,0,0
DevelopmentCommunication,Area3,"community, study, ascertain, subject, program",0,0,0,0,0
DevelopmentCommunication,Area3,"strong, program, recent, communication, development",0,0,0,0,0
DevelopmentCommunication,Area3,"internshiponsite, curriculum, program, student, relevance",1,0,0,0,1
DevelopmentCommunication,Area3,"internshiponsite, curriculum, program, student, relevance",1,0,0,0,1
DevelopmentCommunication,Area3,"stakeholder, need, curriculum, student, relevance",1,0,0,0,1
DevelopmentCommunication,Area3,"improve, course, student, major, bsdc",1,0,0,0,0
DevelopmentCommunication,Area3,"world, student, major, encourage, bsdc",1,0,0,0,0
DevelopmentCommunication,Area3,"oral, syllabus, date, student, course",1,0,0,0,0
DevelopmentCommunication,Area3,"teach, recommend, trainingseminar, improve, bsdc",1,0,0,0,0
DevelopmentCommunication,Area3,"specification, cognitive, test, teacher, particularly",1,0,0,0,0
DevelopmentCommunication,Area4,"school, organize, fund, support, university",1,0,0,0,1
DevelopmentCommunication,Area4,"improve, development, scholarship, encourage, program",0,0,0,0,0
DevelopmentCommunication,Area4,"consider, grant, scholar, privilege, housing",1,0,0,0,1
DevelopmentCommunication,Area4,"policy, development, service, program, student",1,0,0,0,1
DevelopmentCommunication,Area4,"revise, reflect, student, guidance, service",1,0,0,0,1
DevelopmentCommunication,Area4,"university, college, ensure, test, psychological",1,0,0,0,0
DevelopmentCommunication,Area4,"provision, college, priority, dean, student",1,0,0,0,0
DevelopmentCommunication,Area4,"consultation, advise, academic, faculty, department",1,0,0,0,0
DevelopmentCommunication,Area4,"office, provide, consider, counsel, student",1,0,0,0,0
DevelopmentCommunication,Area4,"input, tracer, priority, study, consider",1,0,0,0,0
DevelopmentCommunication,Area5,"year, monitor, department, research, faculty",1,0,0,0,1
DevelopmentCommunication,Area5,"source, strengthen, agency, potential, funding",0,0,0,0,0
DevelopmentCommunication,Area5,"college, university, level, conduct, research",1,0,0,0,1
DevelopmentCommunication,Area5,"research, conduct, publish, journal, department",1,0,0,0,1
DevelopmentCommunication,Area5,"seminar, attend, student, law, conduct",0,0,0,0,0
DevelopmentCommunication,Area5,"base, review, selection, instrument, document",1,0,0,0,0
DevelopmentCommunication,Area5,"manifest, additional, encourage, research, program",1,0,0,0,0
DevelopmentCommunication,Area5,"effective, consider, program, encourage, research",1,0,0,0,0
DevelopmentCommunication,Area5,"national, result, international, local, publication",1,0,0,0,0
DevelopmentCommunication,Area5,"present, friendly, way, effective, consider",1,0,0,0,0
DevelopmentCommunication,Area6,"make, ongoing, progress, community, extension",1,0,0,0,1
DevelopmentCommunication,Area6,"billboard, place, activity, barangay, project",1,0,0,0,1
DevelopmentCommunication,Area6,"office, service, station, distinct, extension",1,0,0,0,1
DevelopmentCommunication,Area6,"brochure, preparation, work, member, department",0,0,0,0,0
DevelopmentCommunication,Area6,"barangay, project, department, community, extension",1,0,0,0,1
DevelopmentCommunication,Area6,"monitoring, evaluation, package, document, completely",1,0,0,0,0
DevelopmentCommunication,Area6,"office, provide, spacious, director, extension",1,0,0,0,0
DevelopmentCommunication,Area6,"disseminate, budget, allot, institutional, workplace",1,0,0,0,0
DevelopmentCommunication,Area6,"monitoring, evaluation, package, document, completely",1,0,0,0,0
DevelopmentCommunication,Area6,"organizational, structure, dissemination, include, activity",1,0,0,0,0
DevelopmentCommunication,Area7,"additional, subscription, collection, relevant, current",1,0,0,0,1
DevelopmentCommunication,Area7,"additional, subscription, collection, relevant, current",1,0,0,0,1
DevelopmentCommunication,Area7,"enrich, demand, book, meet, user",0,0,0,0,0
DevelopmentCommunication,Area7,"additional, subscription, collection, relevant, current",1,0,0,0,1
DevelopmentCommunication,Area7,"additional, subscription, collection, relevant, current",1,0,0,0,1
DevelopmentCommunication,Area7,"computer, online, information, center, library",1,0,0,0,0
DevelopmentCommunication,Area7,"filipiniana, continuously, collection, library, enhance",1,0,0,0,0
DevelopmentCommunication,Area7,"maximize, area, enhance, collection, continuously",1,0,0,0,0
DevelopmentCommunication,Area7,"general, care, preservation, library, enhance",1,0,0,0,0
DevelopmentCommunication,Area7,"airconditioning, place, additional, unit, library",1,0,0,0,0
DevelopmentCommunication,Area8,"andor, ambulance, procurement, university, building",1,0,0,0,1
DevelopmentCommunication,Area8,"student, office, file, comfort, provide",0,0,0,0,0
DevelopmentCommunication,Area8,"communication, provide, room, aid, line",1,0,0,0,1
DevelopmentCommunication,Area8,"label, supply, accord, especially, document",0,0,0,0,0
DevelopmentCommunication,Area8,"periodically, water, room, provide, building",1,0,0,0,1
DevelopmentCommunication,Area8,"window, place, make, room, building",1,0,0,0,0
DevelopmentCommunication,Area8,"college, continuous, size, continue, conducive",1,0,0,0,0
DevelopmentCommunication,Area8,"make, room, repair, window, building",1,0,0,0,0
DevelopmentCommunication,Area8,"window, place, make, room, building",1,0,0,0,0
DevelopmentCommunication,Area8,"artifact, library, make, room, place",1,0,0,0,0
DevelopmentCommunication,Area9,"guide, document, secure, maintain, laboratory",0,0,0,0,0
DevelopmentCommunication,Area9,"gas, remove, user, laboratory, cause",0,0,0,0,0
DevelopmentCommunication,Area9,"student, facility, trimedia, practice, laboratory",0,0,0,0,0
DevelopmentCommunication,Area9,"student, facility, trimedia, practice, laboratory",0,0,0,0,0
DevelopmentCommunication,Area9,"help, student, facility, trimedia, practice",0,0,0,0,0
DevelopmentCommunication,Area9,"art, purchase, university, consider, administration",1,0,0,0,0
DevelopmentCommunication,Area9,"bsdc, art, specifically, consider, administration",1,0,0,0,0
DevelopmentCommunication,Area9,"art, purchase, university, consider, administration",1,0,0,0,0
DevelopmentCommunication,Area9,"term, training, order, revive, university",1,0,0,0,0
DevelopmentCommunication,Area9,"art, purchase, university, consider, administration",1,0,0,0,0
Entrepreneurship,Area1,"quantify, mode, determine, acceptability, level",0,0,0,0,0
Entrepreneurship,Area1,"make, program, goal, objective, stakeholder",0,0,0,0,0
Entrepreneurship,Area1,"poster, vision, mission, document, make",0,0,0,0,0
Entrepreneurship,Area1,"knowledge, measurable, expect, course, objective",0,0,0,0,0
Entrepreneurship,Area1,"disseminate, objective, program, goal, stakeholder",0,0,0,0,0
Entrepreneurship,Area10,"review, guideline, college, faculty, development",0,0,0,0,0
Entrepreneurship,Area10,"improve, document, member, college, need",0,0,0,0,0
Entrepreneurship,Area10,"sign, responsible, preparation, university, college",0,0,0,0,0
Entrepreneurship,Area10,"faculty, manual, university, policy, student",0,0,0,0,0
Entrepreneurship,Area10,"faculty, graduate, staff, student, program",0,0,0,0,0
Entrepreneurship,Area2,"college, encourage, office, faculty, member",0,0,0,0,0
Entrepreneurship,Area2,"instructional, need, material, faculty, document",0,0,0,0,0
Entrepreneurship,Area2,"prepared, semester, encourage, faculty, member",0,0,0,0,0
Entrepreneurship,Area2,"year, semester, activity, faculty, member",0,0,0,0,0
Entrepreneurship,Area2,"syllabus, program, include, member, faculty",0,0,0,0,0
Entrepreneurship,Area3,"subject, teachinglearning, make, process, order",0,0,0,0,0
Entrepreneurship,Area3,"reference, teach, instructional, material, faculty",0,0,0,0,0
Entrepreneurship,Area3,"authority, label, proper, document, properly",0,0,0,0,0
Entrepreneurship,Area3,"faculty, program, curriculum, survey, student",0,0,0,0,0
Entrepreneurship,Area3,"center, desire, student, college, sustain",0,0,0,0,0
Entrepreneurship,Area4,"graduate, initiate, faculty, instal, student",0,0,0,0,0
Entrepreneurship,Area4,"type, pamphlet, provide, copy, student",0,0,0,0,0
Entrepreneurship,Area4,"information, program, dean, student, alumnus",0,0,0,0,0
Entrepreneurship,Area4,"admission, especially, enhance, student, consider",0,0,0,0,0
Entrepreneurship,Area4,"personnel, important, function, order, university",0,0,0,0,0
Entrepreneurship,Area5,"publication, recommend, complete, encourage, research",0,0,0,0,0
Entrepreneurship,Area5,"disseminate, community, andor, utilized, research",0,0,0,0,0
Entrepreneurship,Area5,"design, collaborative, member, research, faculty",0,0,0,0,0
Entrepreneurship,Area5,"area, especially, researcher, encourage, research",0,0,0,0,0
Entrepreneurship,Area5,"publication, recommend, complete, encourage, research",0,0,0,0,0
Entrepreneurship,Area6,"exhibit, systematically, activity, extension, document",0,0,0,0,0
Entrepreneurship,Area6,"evaluate, faculty, monitoring, activity, extension",0,0,0,0,0
Entrepreneurship,Area6,"additional, expansion, concerned, fund, activity",0,0,0,0,0
Entrepreneurship,Area6,"report, utilized, activity, planning, extension",0,0,0,0,0
Entrepreneurship,Area6,"participation, strengthen, document, monitoring, evaluation",0,0,0,0,0
Entrepreneurship,Area7,"program, survey, acquisition, subject, research",0,0,0,0,0
Entrepreneurship,Area7,"furniture, color, refurbish, building, suggest",0,0,0,0,0
Entrepreneurship,Area7,"building, affected, library, area, need",0,0,0,0,0
Entrepreneurship,Area7,"development, reading, resource, collection, library",0,0,0,0,0
Entrepreneurship,Area7,"write, policy, acquire, improve, suggest",0,0,0,0,0
Entrepreneurship,Area8,"reportsaction, accomplishment, provide, support, suggest",0,0,0,0,0
Entrepreneurship,Area8,"provision, green, near, clean, student",0,0,0,0,0
Entrepreneurship,Area8,"segregation, rest, disposal, waste, water",0,0,0,0,0
Entrepreneurship,Area8,"construct, board, building, purpose, classroom",0,0,0,0,0
Entrepreneurship,Area8,"store, cabinet, additional, teatro, room",0,0,0,0,0
Entrepreneurship,Area9,"equipment, room, laboratory, medicine, properly",0,0,0,0,0
Entrepreneurship,Area9,"refurbishment, university, equipment, make, laboratory",0,0,0,0,0
Entrepreneurship,Area9,"file, likewise, laboratory, properly, document",0,0,0,0,0
Entrepreneurship,Area9,"condition, certain, work, equipment, laboratory",0,0,0,0,0
Entrepreneurship,Area9,"base, student, additional, room, provide",0,0,0,0,0
EnvironmentScience,Area1,"short, mistake, adequate, thorough, vmgos",0,0,0,0,0
EnvironmentScience,Area1,"short, mistake, adequate, thorough, vmgos",0,0,0,0,0
EnvironmentScience,Area1,"introductory, discussion, incorporate, vmgos, course",0,0,0,0,0
EnvironmentScience,Area1,"nonenglish, enable, thorough, vmgos, include",0,0,0,0,0
EnvironmentScience,Area1,"possible, cover, stakeholder, study, concerned",0,0,0,0,0
EnvironmentScience,Area10,"function, define, state, clearly, head",0,0,0,0,0
EnvironmentScience,Area10,"involve, especially, college, activity, faculty",0,0,0,0,0
EnvironmentScience,Area10,"channel, training, correct, personnel, implementation",0,0,0,0,0
EnvironmentScience,Area10,"strengthen, administration, work, development, plan",0,0,0,0,0
EnvironmentScience,Area10,"implementation, update, regular, plan, development",0,0,0,0,0
EnvironmentScience,Area2,"professional, update, hour, encourage, faculty",0,0,0,0,0
EnvironmentScience,Area2,"faculty, various, college, encourage, graduate",0,0,0,0,0
EnvironmentScience,Area2,"load, teach, class, schedule, faculty",0,0,0,0,0
EnvironmentScience,Area2,"evaluation, facultyrelated, planning, document, activity",0,0,0,0,0
EnvironmentScience,Area2,"various, college, come, encourage, faculty",0,0,0,0,0
EnvironmentScience,Area3,"learn, collaborative, academic, instructional, material",0,0,0,0,0
EnvironmentScience,Area3,"consultation, material, instructional, committee, association",0,0,0,0,0
EnvironmentScience,Area3,"make, copy, allocate, budget, member",0,0,0,0,0
EnvironmentScience,Area3,"exist, cater, student, faculty, department",0,0,0,0,0
EnvironmentScience,Area3,"consultation, activity, material, instructional, member",0,0,0,0,0
EnvironmentScience,Area4,"space, office, ssd, service, student",0,0,0,0,0
EnvironmentScience,Area4,"possible, room, conducive, guidance, test",0,0,0,0,0
EnvironmentScience,Area4,"uniform, review, facilitate, follow, evaluation",0,0,0,0,0
EnvironmentScience,Area4,"information, dissemination, paper, revive, ca",0,0,0,0,0
EnvironmentScience,Area4,"nook, separate, provide, service, student",0,0,0,0,0
EnvironmentScience,Area5,"hire, additional, support, unit, research",0,0,0,0,0
EnvironmentScience,Area5,"linkaging, importance, recourse, external, activity",0,0,0,0,0
EnvironmentScience,Area5,"planning, invite, involve, formulation, research",0,0,0,0,0
EnvironmentScience,Area5,"revive, allocate, fund, handle, activity",0,0,0,0,0
EnvironmentScience,Area5,"conduct, basic, laboratory, upgrade, activity",0,0,0,0,0
EnvironmentScience,Area6,"need, monitoring, extension, program, activity",0,0,0,0,0
EnvironmentScience,Area6,"exhibit, evaluate, area, accreditation, document",0,0,0,0,0
EnvironmentScience,Area6,"achieve, period, activity, program, extension",0,0,0,0,0
EnvironmentScience,Area6,"planning, transfer, extension, program, activity",0,0,0,0,0
EnvironmentScience,Area6,"need, monitoring, extension, program, activity",0,0,0,0,0
EnvironmentScience,Area7,"additional, simple, library, student, staff",0,0,0,0,0
EnvironmentScience,Area7,"current, seminar, workshop, library, staff",0,0,0,0,0
EnvironmentScience,Area7,"additional, simple, library, student, staff",0,0,0,0,0
EnvironmentScience,Area7,"collegesuniversitys, adequate, quality, necessary, student",0,0,0,0,0
EnvironmentScience,Area7,"various, reading, effective, library, information",0,0,0,0,0
EnvironmentScience,Area8,"periodic, public, test, water, drinking",0,0,0,0,0
EnvironmentScience,Area8,"extinguisher, classroom, room, student, laboratory",0,0,0,0,0
EnvironmentScience,Area8,"easy, disaster, installation, properly, wiring",0,0,0,0,0
EnvironmentScience,Area8,"maintain, program, institution, university, building",0,0,0,0,0
EnvironmentScience,Area8,"availability, public, emergency, need, water",0,0,0,0,0
EnvironmentScience,Area9,"college, water, laboratory, exercise, conduct",0,0,0,0,0
EnvironmentScience,Area9,"acceptable, standard, conform, laboratory, room",0,0,0,0,0
EnvironmentScience,Area9,"measure, student, make, laboratory, room",0,0,0,0,0
EnvironmentScience,Area9,"disaster, extinguisher, laboratory, make, college",0,0,0,0,0
EnvironmentScience,Area9,"manual, teach, physic, student, laboratory",0,0,0,0,0
EnvironmentalScience,Area1,"influence, conduct, study, determine, make",1,0,0,0,0
EnvironmentalScience,Area1,"program, influence, conduct, study, determine",1,0,0,0,0
EnvironmentalScience,Area1,"influence, conduct, study, determine, make",1,0,0,0,0
EnvironmentalScience,Area1,"play, attractive, cartoon, retention, make",1,0,0,0,0
EnvironmentalScience,Area1,"activity, mmsus, workplace, mmsu, graduate",1,0,0,0,0
EnvironmentalScience,Area10,"attach, package, faculty, document, order",1,0,0,0,0
EnvironmentalScience,Area10,"team, recommends, budget, college, policy",1,0,0,0,0
EnvironmentalScience,Area10,"mmsu, harmonious, family, strengthen, activity",1,0,0,0,0
EnvironmentalScience,Area10,"longterm, shortand, development, evaluate, monitor",1,0,0,0,0
EnvironmentalScience,Area10,"faculty, college, specific, provide, budget",1,0,0,0,0
EnvironmentalScience,Area2,"member, relevant, faculty, encourage, class",1,0,0,0,0
EnvironmentalScience,Area2,"teach, work, encourage, activity, faculty",1,0,0,0,0
EnvironmentalScience,Area2,"method, laptop, purchase, effective, faculty",1,0,0,0,0
EnvironmentalScience,Area2,"member, relevant, faculty, encourage, class",1,0,0,0,0
EnvironmentalScience,Area2,"encourage, relevant, faculty, student, class",1,0,0,0,0
EnvironmentalScience,Area3,"website, encourage, obtain, development, plan",1,0,0,0,0
EnvironmentalScience,Area3,"material, instructional, properly, laboratory, encourage",1,0,0,0,0
EnvironmentalScience,Area3,"preserve, label, specimen, properly, laboratory",1,0,0,0,0
EnvironmentalScience,Area3,"sequence, logical, offering, prerequisite, subject",1,0,0,0,0
EnvironmentalScience,Area3,"ex, faculty, manual, instructional, material",1,0,0,0,0
EnvironmentalScience,Area4,"highly, need, student, label, properly",1,0,0,0,0
EnvironmentalScience,Area4,"date, properly, label, student, activity",1,0,0,0,0
EnvironmentalScience,Area4,"highly, need, student, label, properly",1,0,0,0,0
EnvironmentalScience,Area4,"designate, cater, member, student, need",1,0,0,0,0
EnvironmentalScience,Area4,"highly, need, student, label, properly",1,0,0,0,0
EnvironmentalScience,Area5,"member, faculty, research, college, encourage",1,0,0,0,0
EnvironmentalScience,Area5,"international, local, faculty, member, encourage",1,0,0,0,0
EnvironmentalScience,Area5,"conduct, development, plan, activity, research",1,0,0,0,0
EnvironmentalScience,Area5,"establish, college, encourage, research, generate",1,0,0,0,0
EnvironmentalScience,Area5,"particularly, make, college, faculty, research",1,0,0,0,0
EnvironmentalScience,Area6,"enhance, training, analysis, item, faculty",1,0,0,0,0
EnvironmentalScience,Area6,"acquire, utilization, document, record, properly",1,0,0,0,0
EnvironmentalScience,Area6,"document, provide, monitoring, program, extension",1,0,0,0,0
EnvironmentalScience,Area6,"examination, tos, require, item, analysis",1,0,0,0,0
EnvironmentalScience,Area6,"process, planning, participate, laboratory, student",1,0,0,0,0
EnvironmentalScience,Area7,"late, prepare, accomplishment, develop, library",1,0,0,0,0
EnvironmentalScience,Area7,"install, warrant, sectionsareas, learn, library",1,0,0,0,0
EnvironmentalScience,Area7,"online, offer, service, access, library",1,0,0,0,0
EnvironmentalScience,Area7,"acquisition, program, professional, resource, library",1,0,0,0,0
EnvironmentalScience,Area7,"late, prepare, accomplishment, develop, library",1,0,0,0,0
EnvironmentalScience,Area8,"landscape, open, suggest, space, functional",1,0,0,0,0
EnvironmentalScience,Area8,"regularannual, maintenance, person, building, facility",1,0,0,0,0
EnvironmentalScience,Area8,"campus, electrical, room, service, provide",1,0,0,0,0
EnvironmentalScience,Area8,"relax, building, construct, college, faculty",1,0,0,0,0
EnvironmentalScience,Area8,"way, old, provide, facility, inside",1,0,0,0,0
EnvironmentalScience,Area9,"thing, apply, principle, equipment, department",1,0,0,0,0
EnvironmentalScience,Area9,"additional, university, repair, warrant, place",1,0,0,0,0
EnvironmentalScience,Area9,"provide, encourage, chart, post, laboratory",1,0,0,0,0
EnvironmentalScience,Area9,"regular, warrant, post, department, equipment",1,0,0,0,0
EnvironmentalScience,Area9,"function, focus, faculty, technician, laboratory",1,0,0,0,0
Language,Area1,"conduct, area, wider, correct, vmgos",0,0,0,0,0
Language,Area1,"discussion, syllabus, integral, need, course",0,0,0,0,0
Language,Area1,"translation, version, llocano, print, correct",0,0,0,0,0
Language,Area1,"conduct, area, wider, correct, vmgos",0,0,0,0,0
Language,Area1,"mistake, edit, grammar, review, vmgos",0,0,0,0,0
Language,Area1,"revise, stakeholder, consult, process, consider",1,1,0,0,1
Language,Area1,"revise, stakeholder, consult, process, consider",1,1,0,0,1
Language,Area1,"ca, baes, possible, year, consider",1,1,0,0,1
Language,Area1,"revise, stakeholder, consult, process, consider",1,1,0,0,1
Language,Area1,"staff, student, faculty, revise, stakeholder",1,0,0,0,0
Language,Area1,"consider, college, art, program, objective",1,1,0,0,0
Language,Area1,"statement, program, objective, competency, graduate",0,1,0,0,0
Language,Area1,"statement, program, objective, competency, graduate",0,1,0,0,0
Language,Area1,"statement, program, objective, competency, graduate",0,1,0,0,0
Language,Area1,"intensive, abel, graduate, competency, communication",0,1,0,0,0
Language,Area10,"function, define, state, clearly, head",0,0,0,0,0
Language,Area10,"involve, especially, college, activity, faculty",1,1,0,0,1
Language,Area10,"channel, training, correct, personnel, implementation",1,0,0,0,1
Language,Area10,"strengthen, administration, work, development, plan",0,1,0,0,1
Language,Area10,"implementation, update, regular, plan, development",0,1,0,0,1
Language,Area10,"college, university, guideline, graduate, policy",1,0,0,0,0
Language,Area10,"immediate, code, manual, student, faculty",1,1,0,0,1
Language,Area10,"provide, training, relevant, inserving, college",1,0,0,0,0
Language,Area10,"consider, partnership, national, outsource, networking",1,1,0,0,1
Language,Area10,"senior, document, need, member, college",1,1,0,0,1
Language,Area10,"report, dissemination, annual, year, administration",0,1,0,0,0
Language,Area10,"regent, priority, approval, update, manual",1,1,0,0,0
Language,Area10,"procurement, preparation, active, student, faculty",1,1,0,0,0
Language,Area10,"person, base, legible, consider, document",1,1,0,0,0
Language,Area10,"year, consider, faculty, student, administration",1,1,0,0,0
Language,Area2,"easy, consultation, indicate, hour, teacher",0,0,0,0,0
Language,Area2,"graduate, load, teach, class, schedule",1,0,0,0,1
Language,Area2,"nbc, university, member, encourage, faculty",1,1,0,0,1
Language,Area2,"art, come, faculty, various, college",1,1,0,0,1
Language,Area2,"graduate, make, orderly, presentable, file",0,0,0,0,0
Language,Area2,"statement, activity, attend, faculty, member",1,1,0,0,1
Language,Area2,"encourage, research, college, member, faculty",1,1,0,0,1
Language,Area2,"faculty, properly, monitor, attendance, document",1,1,0,0,1
Language,Area2,"faculty, member, ict, teach, encourage",1,1,0,0,1
Language,Area2,"page, subject, year, semester, include",1,0,0,0,0
Language,Area2,"member, faculty, productionrelated, document, activity",1,1,0,0,0
Language,Area2,"member, faculty, productionrelated, document, activity",1,1,0,0,0
Language,Area2,"document, portfolio, motivate, prepare, individual",1,1,0,0,0
Language,Area2,"related, research, workload, member, faculty",1,1,0,0,0
Language,Area2,"member, faculty, productionrelated, document, activity",1,1,0,0,0
Language,Area3,"curriculumprogram, faculty, review, curriculum, participation",1,1,0,0,1
Language,Area3,"duly, encourage, utilized, instructional, material",1,1,0,0,1
Language,Area3,"conduct, study, tracer, impactrelevance, feedback",0,1,0,0,1
Language,Area3,"journal, faculty, review, teach, learn",1,1,0,0,1
Language,Area3,"classroom, picture, print, teach, learn",0,0,0,0,0
Language,Area3,"faculty, check, member, attendance, file",1,1,0,0,1
Language,Area3,"esl, instructional, evaluation, material, document",1,1,0,0,1
Language,Area3,"indicate, format, syllabus, year, present",1,1,0,0,1
Language,Area3,"ease, properly, document, material, file",1,1,0,0,1
Language,Area3,"graduate, decrease, field, consider, specialization",1,0,0,0,0
Language,Area3,"write, class, evaluation, observation, faculty",1,1,0,0,0
Language,Area3,"developed, instructional, activity, member, faculty",1,1,0,0,0
Language,Area3,"information, syllabus, student, grade, course",1,1,0,0,0
Language,Area3,"document, faculty, evaluation, program, conduct",1,1,0,0,0
Language,Area3,"conduct, program, different, provide, document",1,1,0,0,0
Language,Area4,"provide, student, organize, ptca, ca",1,1,0,0,1
Language,Area4,"student, guidance, office, provide, service",1,1,0,0,1
Language,Area4,"space, provision, allot, service, student",1,1,0,0,1
Language,Area4,"preparation, ssd, evaluation, student, facilitate",1,1,0,0,1
Language,Area4,"psychological, provide, ca, separate, test",0,0,0,0,0
Language,Area4,"support, information, dean, alumnus, student",1,1,0,0,1
Language,Area4,"student, dean, faculty, activity, project",1,1,0,0,1
Language,Area4,"employability, initiate, member, dean, faculty",1,0,0,0,0
Language,Area4,"easy, late, alumnus, university, order",1,1,0,0,1
Language,Area4,"annual, preparation, need, include, program",1,1,0,0,1
Language,Area4,"encourage, evaluation, improvement, program, regular",1,1,0,0,0
Language,Area4,"alumnus, arrange, involvement, activity, student",1,1,0,0,0
Language,Area4,"alumnus, arrange, involvement, activity, student",1,1,0,0,0
Language,Area4,"alumnus, arrange, involvement, activity, student",1,1,0,0,0
Language,Area4,"alumnus, arrange, involvement, activity, student",1,1,0,0,0
Language,Area5,"sustain, increase, faculty, activity, research",1,1,0,0,1
Language,Area5,"output, conduct, highly, recommend, research",1,1,0,0,1
Language,Area5,"output, highly, recommend, conduct, research",1,1,0,0,1
Language,Area5,"personally, college, forum, fund, include",1,1,0,0,1
Language,Area5,"survey, agency, establish, exchange, exist",0,0,0,0,0
Language,Area5,"research, complete, thesis, write, forum",1,1,0,0,1
Language,Area5,"present, not_only, research, complete, forum",1,1,0,0,1
Language,Area5,"research, complete, thesis, write, forum",1,1,0,0,1
Language,Area5,"research, complete, thesis, write, forum",1,1,0,0,1
Language,Area5,"conduct, seminar, member, faculty, research",1,1,0,0,1
Language,Area5,"university, instruction, conduct, make, research",1,1,0,0,0
Language,Area5,"new, fund, furniture, printer, lcd",0,1,0,0,0
Language,Area5,"result, suggest, teach, improvement, especially",0,1,0,0,0
Language,Area5,"not_necessary, not_include, not_have, batch, document",0,1,0,0,0
Language,Area5,"result, suggest, teach, improvement, especially",0,1,0,0,0
Language,Area6,"regular, evaluation, involve, program, document",1,1,0,0,1
Language,Area6,"regular, evaluation, involve, program, document",1,1,0,0,1
Language,Area6,"regular, evaluation, involve, program, document",1,1,0,0,1
Language,Area6,"technology, transfer, program, activity, extension",1,1,0,0,1
Language,Area6,"certain, implementation, sustain, achieve, document",0,0,0,0,0
Language,Area6,"help, activity, monitoring, evaluation, regular",1,1,0,0,1
Language,Area6,"provide, undertaken, program, activity, extension",1,1,0,0,1
Language,Area6,"sustainability, mobile, provide, extension, unit",1,1,0,0,1
Language,Area6,"devise, program, provide, activity, extension",1,1,0,0,1
Language,Area6,"devise, program, provide, activity, extension",1,1,0,0,1
Language,Area6,"sustainability, exist, encourage, mobile, activity",1,1,0,0,0
Language,Area6,"sustainability, exist, encourage, mobile, activity",1,1,0,0,0
Language,Area6,"assessment, extension, scheme, activity, evaluation",1,1,0,0,0
Language,Area6,"sustainability, exist, encourage, mobile, activity",1,1,0,0,0
Language,Area6,"determine, benefit, study, conduct, program",1,1,0,0,0
Language,Area7,"hire, assistant, student, staff, library",1,1,0,0,1
Language,Area7,"seminar, workshop, student, library, staff",1,1,0,0,1
Language,Area7,"develop, collegesuniversitys, adequate, quantity, necessary",1,0,0,0,1
Language,Area7,"seminar, workshop, student, library, staff",1,1,0,0,1
Language,Area7,"provide, promote, various, material, information",1,0,0,0,1
Language,Area7,"student, subject, faculty, bibliography, provide",1,0,0,0,0
Language,Area7,"instal, functional, alarm, make, suggest",1,0,0,0,0
Language,Area7,"manual, necessary, need, write, improve",1,1,0,0,1
Language,Area7,"data, present, utilization, resource, library",1,1,0,0,1
Language,Area7,"furniture, term, building, interior, recommend",1,0,0,0,0
Language,Area7,"committee, contains, manual, board, library",1,1,0,0,0
Language,Area7,"acquisition, library, update, professional, book",1,1,0,0,0
Language,Area7,"committee, library, book, english, language",1,1,0,0,0
Language,Area7,"user, online, able, english, language",0,1,0,0,0
Language,Area7,"committee, library, book, english, language",1,1,0,0,0
Language,Area8,"suggest, fund, pest, protect, building",1,1,0,0,1
Language,Area8,"instal, extinguisher, office, proper, properly",0,0,0,0,0
Language,Area8,"room, need, facility, wiring, student",1,1,0,0,1
Language,Area8,"test, water, inform, university, drinking",1,1,0,0,1
Language,Area8,"water, emergency, student, easy, laboratory",1,1,0,0,1
Language,Area8,"clean, near, building, classroom, water",1,1,0,0,1
Language,Area8,"construction, continue, walk, cover, building",1,1,0,0,1
Language,Area8,"listing, pictorial, communication, accomplishment, program",1,0,0,0,0
Language,Area8,"solution, suggest, clean, student, water",1,1,0,0,1
Language,Area8,"post, guide, water, near, classroom",1,1,0,0,1
Language,Area8,"facility, building, campus, area, university",1,1,0,0,0
Language,Area8,"men, consider, dormitory, room, dorm",0,1,0,0,0
Language,Area8,"constituent, water, consider, university, order",1,1,0,0,0
Language,Area8,"recommend, maintain, building, fan, orbit",1,1,0,0,0
Language,Area8,"furniture, dispose, store, nonserviceable, equipment",0,1,0,0,0
Language,Area9,"college, water, laboratory, exercise, conduct",1,1,0,0,1
Language,Area9,"acceptable, standard, conform, laboratory, room",1,1,0,0,1
Language,Area9,"measure, student, make, laboratory, room",1,1,0,0,1
Language,Area9,"disaster, extinguisher, laboratory, make, college",1,1,0,0,1
Language,Area9,"manual, teach, physic, student, laboratory",1,1,0,0,1
Language,Area9,"picture, clear, photocopy, make, document",1,0,0,0,0
Language,Area9,"additional, equipment, likewise, properly, laboratory",1,1,0,0,1
Language,Area9,"equipment, work, laboratory, properly, document",1,1,0,0,1
Language,Area9,"recommend, simulation, student, room, provide",1,1,0,0,1
Language,Area9,"regulation, document, room, equipment, laboratory",1,1,0,0,1
Language,Area9,"include, sci, nat, science, laboratory",1,1,0,0,0
Language,Area9,"instructional, projector, member, faculty, equipment",1,1,0,0,0
Language,Area9,"personnel, neat, student, time, laboratory",1,1,0,0,0
Language,Area9,"ca, continue, science, include, laboratory",1,1,0,0,0
Language,Area9,"facilitate, training, practice, regular, laboratory",1,1,0,0,0
Nursing,Area1,"participation, review, revision, stakeholder, statement",1,0,0,0,1
Nursing,Area1,"participation, review, revision, stakeholder, statement",1,0,0,0,1
Nursing,Area1,"participation, review, revision, stakeholder, statement",1,0,0,0,1
Nursing,Area1,"participation, review, revision, stakeholder, statement",1,0,0,0,1
Nursing,Area1,"participation, review, revision, stakeholder, statement",1,0,0,0,1
Nursing,Area1,"conduct, stakeholder, student, study, faculty",1,0,0,0,0
Nursing,Area1,"conduct, stakeholder, student, study, faculty",1,0,0,0,0
Nursing,Area1,"conduct, stakeholder, student, study, faculty",1,0,0,0,0
Nursing,Area1,"conduct, stakeholder, student, study, faculty",1,0,0,0,0
Nursing,Area1,"tabulate, analyze, awareness, interpret, faculty",1,0,0,0,0
Nursing,Area10,"nonserviceable, listing, report, document, provide",1,0,0,0,1
Nursing,Area10,"relationship, unending, administration, student, provide",1,0,0,0,1
Nursing,Area10,"budget, andfinancial, preparationallocation, unit, document",0,0,0,0,0
Nursing,Area10,"nonserviceable, serviceable, listing, report, equipment",1,0,0,0,1
Nursing,Area10,"personnel, improve, evaluation, result, performance",0,0,0,0,0
Nursing,Area10,"update, serviceable, equipment, nonserviceable, need",1,0,0,0,0
Nursing,Area10,"board, approve, university, handbook, student",1,0,0,0,0
Nursing,Area10,"update, serviceable, equipment, nonserviceable, need",1,0,0,0,0
Nursing,Area10,"dean, college, chart, revise, way",1,0,0,0,0
Nursing,Area10,"equipment, nonserviceable, update, serviceable, need",1,0,0,0,0
Nursing,Area2,"research, development, degree, need, faculty",1,0,0,0,1
Nursing,Area2,"create, committee, capability, line, research",0,0,0,0,0
Nursing,Area2,"create, committee, capability, line, research",0,0,0,0,0
Nursing,Area2,"create, committee, capability, line, research",0,0,0,0,0
Nursing,Area2,"create, committee, capability, line, research",0,0,0,0,0
Nursing,Area2,"faculty, dbm, overload, ruling, follow",1,0,0,0,0
Nursing,Area2,"gain, experience, report, work, clinical",1,0,0,0,0
Nursing,Area2,"phc, nursing, degree, master, faculty",1,0,0,0,0
Nursing,Area2,"membership, responsibility, faculty, encourage, professional",1,0,0,0,0
Nursing,Area2,"faculty, dbm, overload, ruling, follow",1,0,0,0,0
Nursing,Area3,"date, award, analysis, tracer, tracked",0,0,0,0,0
Nursing,Area3,"analysis, include, tracked, student, syllabus",1,0,0,0,1
Nursing,Area3,"date, award, analysis, tracer, tracked",0,0,0,0,0
Nursing,Area3,"date, award, analysis, tracer, tracked",0,0,0,0,0
Nursing,Area3,"date, award, analysis, tracer, tracked",0,0,0,0,0
Nursing,Area3,"sign, clinical, prepared, supervisor, dean",1,0,0,0,0
Nursing,Area3,"equipment, doll, stateoftheart, adequacy, nursing",1,0,0,0,0
Nursing,Area3,"contain, conduct, component, school, year",1,0,0,0,0
Nursing,Area3,"material, instructional, develop, try, faculty",1,0,0,0,0
Nursing,Area3,"produce, procedure, manual, student, faculty",1,0,0,0,0
Nursing,Area4,"facility, equipment, conduct, necessary, need",0,0,0,0,0
Nursing,Area4,"facility, equipment, conduct, necessary, need",0,0,0,0,0
Nursing,Area4,"facility, equipment, conduct, necessary, need",0,0,0,0,0
Nursing,Area4,"facility, equipment, conduct, necessary, need",0,0,0,0,0
Nursing,Area4,"equipment, conduct, necessary, ssp, update",0,0,0,0,0
Nursing,Area4,"group, question, entertain, small, orientation",1,0,0,0,0
Nursing,Area4,"frequent, dialoguesconference, problem, trauma, student",1,0,0,0,0
Nursing,Area4,"guidance, budgetary, peer, student, counselor",1,0,0,0,0
Nursing,Area4,"question, entertain, small, orientation, student",1,0,0,0,0
Nursing,Area4,"question, entertain, small, orientation, student",1,0,0,0,0
Nursing,Area5,"engage, department, align, institution, stakeholder",0,0,0,0,0
Nursing,Area5,"engage, department, align, institution, stakeholder",0,0,0,0,0
Nursing,Area5,"align, formulation, need, agenda, research",1,0,0,0,1
Nursing,Area5,"engage, department, align, institution, stakeholder",0,0,0,0,0
Nursing,Area5,"engage, department, align, institution, stakeholder",0,0,0,0,0
Nursing,Area5,"utilization, record, enhancement, highly, nursing",1,0,0,0,0
Nursing,Area5,"paper, attention, undertaking, development, research",1,0,0,0,0
Nursing,Area5,"involve, researchesthesis, especially, member, faculty",1,0,0,0,0
Nursing,Area5,"alumnus, agenda, government, increase, research",1,0,0,0,0
Nursing,Area5,"clearcut, advise, provide, formulation, policy",1,0,0,0,0
Nursing,Area6,"linkage, plan, program, raise, sustainable",1,0,0,0,1
Nursing,Area6,"linkage, plan, program, raise, sustainable",1,0,0,0,1
Nursing,Area6,"linkage, plan, program, raise, sustainable",1,0,0,0,1
Nursing,Area6,"linkage, plan, program, raise, sustainable",1,0,0,0,1
Nursing,Area6,"program, raise, sustainable, agency, extension",1,0,0,0,1
Nursing,Area6,"adopt, design, community, project, program",1,0,0,0,0
Nursing,Area6,"community, program, project, make, extension",1,0,0,0,0
Nursing,Area6,"vigorously, systematic, activity, related, extension",1,0,0,0,0
Nursing,Area6,"project, extension, community, participate, actively",1,0,0,0,0
Nursing,Area6,"nursing, monitoring, project, evaluation, extension",1,0,0,0,0
Nursing,Area7,"facility, inventory, library, list, complete",1,0,0,0,1
Nursing,Area7,"facility, inventory, library, list, complete",1,0,0,0,1
Nursing,Area7,"librarian, budget, pparticipants, preparation, provide",0,0,0,0,0
Nursing,Area7,"facility, inventory, library, list, complete",1,0,0,0,1
Nursing,Area7,"filipiniana, collection, resource, textbook, author",1,0,0,0,1
Nursing,Area7,"feasible, deterioration, air, install, exhibit",1,0,0,0,0
Nursing,Area7,"adapt, faster, access, collection, library",1,0,0,0,0
Nursing,Area7,"month, reading, summer, ventilation, area",1,0,0,0,0
Nursing,Area7,"development, program, continue, conduct, staff",1,0,0,0,0
Nursing,Area7,"continue, conduct, staff, collection, area",1,0,0,0,0
Nursing,Area8,"supply, occupancy, dormitory, secure, certificate",0,0,0,0,0
Nursing,Area8,"complete, center, inventory, supply, facility",0,0,0,0,0
Nursing,Area8,"supply, occupancy, dormitory, secure, certificate",0,0,0,0,0
Nursing,Area8,"supply, occupancy, dormitory, secure, certificate",0,0,0,0,0
Nursing,Area8,"supply, occupancy, dormitory, secure, certificate",0,0,0,0,0
Nursing,Area8,"partially, raise, university, utilization, way",1,0,0,0,0
Nursing,Area8,"partially, raise, university, utilization, way",1,0,0,0,0
Nursing,Area8,"university, utilization, way, building, fund",1,0,0,0,0
Nursing,Area8,"partially, raise, university, utilization, way",1,0,0,0,0
Nursing,Area8,"partially, raise, university, utilization, way",1,0,0,0,0
Nursing,Area9,"kit, material, cabinet, aid, laboratory",1,0,0,0,1
Nursing,Area9,"kit, material, cabinet, aid, laboratory",1,0,0,0,1
Nursing,Area9,"apparatus, complete, supply, kit, material",1,0,0,0,1
Nursing,Area9,"kit, material, cabinet, aid, laboratory",1,0,0,0,1
Nursing,Area9,"document, care, attend, training, laboratory",0,0,0,0,0
Nursing,Area9,"high, especially, elevate, amphitheater, view",1,0,0,0,0
Nursing,Area9,"drug, need, aid, stock, emergency",1,0,0,0,0
Nursing,Area9,"complete, ched, number, tray, prescribed",1,0,0,0,0
Nursing,Area9,"not_just, look, make, room, bh",1,0,0,0,0
Nursing,Area9,"room, make, update, contract, affiliation",1,0,0,0,0
Sociology,Area1,"ensure, discussion, syllabus, incorporate, cover",0,0,0,0,0
Sociology,Area1,"revise, vmgos, course, stakeholder, include",0,0,0,0,0
Sociology,Area1,"possible, mistake, adequate, vmgos, cover",0,0,0,0,0
Sociology,Area1,"ensure, discussion, syllabus, incorporate, cover",0,0,0,0,0
Sociology,Area1,"ensure, discussion, syllabus, incorporate, cover",0,0,0,0,0
Sociology,Area1,"result, submit, complete, acceptability, survey",1,1,0,0,1
Sociology,Area1,"goal, guide, objective, make, mapping",1,0,0,0,0
Sociology,Area1,"graduate, feedbacking, employability, study, tracer",1,0,0,0,0
Sociology,Area1,"feedback, outcome, program, consider, serve",1,0,0,0,0
Sociology,Area1,"result, complete, serve, program, consider",1,0,0,0,0
Sociology,Area1,"staff, strengthen, resort, disseminate, avenue",0,1,0,0,0
Sociology,Area1,"inservice, awareness, training, periodic, acceptability",1,1,0,0,0
Sociology,Area1,"staff, strengthen, resort, disseminate, avenue",0,1,0,0,0
Sociology,Area1,"quantify, participation, review, meaningful, level",0,1,0,0,0
Sociology,Area1,"explore, comprehension, understand, avenue, disseminate",0,1,0,0,0
Sociology,Area10,"function, define, state, clearly, head",0,0,0,0,0
Sociology,Area10,"involve, especially, college, activity, faculty",1,0,0,0,1
Sociology,Area10,"channel, training, correct, personnel, implementation",0,0,0,0,0
Sociology,Area10,"strengthen, administration, work, development, plan",1,1,0,0,1
Sociology,Area10,"implementation, update, regular, plan, development",0,0,0,0,0
Sociology,Area10,"additional, facility, instructional, equipment, student",1,0,0,0,0
Sociology,Area10,"tracer, determine, graduate, administration, student",1,1,0,0,1
Sociology,Area10,"faculty, generate, participative, staff, collaborative",1,0,0,0,0
Sociology,Area10,"radio, manage, station, want, administration",1,1,0,0,1
Sociology,Area10,"fourfold, extension, comprehensive, program, include",1,1,0,0,1
Sociology,Area10,"utilize, alumnus, continue, need, consider",0,1,0,0,0
Sociology,Area10,"gadget, consider, administration, need, provide",1,1,0,0,0
Sociology,Area10,"consider, ab, radio, campus, program",1,1,0,0,0
Sociology,Area10,"year, consider, need, strategy, enrolment",0,1,0,0,0
Sociology,Area10,"utilize, alumnus, continue, need, consider",0,1,0,0,0
Sociology,Area2,"easy, instructor, teacher, indicate, reference",1,0,0,0,1
Sociology,Area2,"productively, meeting, review, graduate, faculty",1,1,0,0,1
Sociology,Area2,"warrant, member, university, encourage, faculty",1,1,0,0,1
Sociology,Area2,"hour, teach, load, class, schedule",1,1,0,0,1
Sociology,Area2,"instruction, faculty, various, college, come",1,1,0,0,1
Sociology,Area2,"schedule, consultation, administrative, indicate, research",1,1,0,0,1
Sociology,Area2,"kept, committee, echoseminars, serve, conduct",1,1,0,0,1
Sociology,Area2,"varied, common, equipment, enrich, teach",1,0,0,0,0
Sociology,Area2,"class, case, service, learn, faculty",1,1,0,0,1
Sociology,Area2,"facultycore, encourage, result, teach, conduct",1,0,0,0,0
Sociology,Area2,"interruption, class, avoid, substitution, year",1,1,0,0,0
Sociology,Area2,"consultation, assignment, research, extension, program",1,1,0,0,0
Sociology,Area2,"load, quality, instruction, member, faculty",1,1,0,0,0
Sociology,Area2,"evaluate, committee, material, ims, want",1,1,0,0,0
Sociology,Area2,"quality, instruction, effective, faculty, suggest",1,1,0,0,0
Sociology,Area3,"andor, syllabus, reference, write, encourage",0,0,0,0,0
Sociology,Area3,"andor, syllabus, reference, write, encourage",0,0,0,0,0
Sociology,Area3,"encourage, material, teach, particular, write",1,0,0,0,1
Sociology,Area3,"student, begin, vmgos, syllabus, course",1,0,0,0,1
Sociology,Area3,"write, member, faculty, instructional, material",1,0,0,0,1
Sociology,Area3,"performance, faculty, conduct, student, need",1,0,0,0,0
Sociology,Area3,"minute, meeting, survey, record, need",1,0,0,0,0
Sociology,Area3,"workshop, school, different, teach, student",1,0,0,0,0
Sociology,Area3,"performance, faculty, conduct, study, academic",1,0,0,0,0
Sociology,Area3,"performance, faculty, conduct, student, need",1,0,0,0,0
Sociology,Area3,"consider, program, socio, ab, revision",0,1,0,0,0
Sociology,Area3,"committee, cover, curriculum, documentation, revision",0,1,0,0,0
Sociology,Area3,"pbb, copc, sake, socio, ab",0,1,0,0,0
Sociology,Area3,"make, incharge, library, program, consider",0,1,0,0,0
Sociology,Area3,"increase, scheme, year, strategy, enrolment",0,1,0,0,0
Sociology,Area4,"space, office, ssd, service, student",1,1,0,0,1
Sociology,Area4,"possible, room, conducive, guidance, test",1,1,0,0,1
Sociology,Area4,"uniform, review, facilitate, follow, evaluation",0,1,0,0,1
Sociology,Area4,"information, dissemination, paper, revive, ca",0,0,0,0,0
Sociology,Area4,"nook, separate, provide, service, student",1,1,0,0,1
Sociology,Area4,"office, priority, consider, counsel, student",1,1,0,0,1
Sociology,Area4,"strictly, academic, consider, faculty, department",1,1,0,0,1
Sociology,Area4,"input, college, provide, priority, consider",1,1,0,0,1
Sociology,Area4,"university, provide, regard, college, consider",1,1,0,0,1
Sociology,Area4,"venue, encourage, test, psychological, student",1,1,0,0,1
Sociology,Area4,"guidance, fund, administration, allocate, university",1,1,0,0,0
Sociology,Area4,"service, evaluation, monitoring, student, result",1,1,0,0,0
Sociology,Area4,"allow, minimize, jeep, conduct, consider",1,1,0,0,0
Sociology,Area4,"visit, recommendation, affair, provide, student",1,1,0,0,0
Sociology,Area4,"student, research, survey, data, processing",1,1,0,0,0
Sociology,Area5,"conduct, make, proceeding, inhouse, review",1,0,0,0,1
Sociology,Area5,"seminar, regard, prescribed, write, conduct",0,0,0,0,0
Sociology,Area5,"far, motivate, student, conduct, activity",0,1,0,0,1
Sociology,Area5,"deloading, deloaded, course, member, research",1,1,0,0,1
Sociology,Area5,"clientele, utilized, welfare, research, conduct",1,1,0,0,1
Sociology,Area5,"incentive, researcher, strengthen, encourage, research",1,1,0,0,1
Sociology,Area5,"include, program, review, encourage, research",1,1,0,0,1
Sociology,Area5,"include, program, review, encourage, research",1,1,0,0,1
Sociology,Area5,"include, program, review, encourage, research",1,1,0,0,1
Sociology,Area5,"international, local, national, result, publication",1,1,0,0,1
Sociology,Area5,"college, generate, income, encourage, research",1,1,0,0,0
Sociology,Area5,"library, exchange, publication, encourage, research",1,1,0,0,0
Sociology,Area5,"college, generate, income, encourage, research",1,1,0,0,0
Sociology,Area5,"beneficiary, stakeholder, student, agenda, research",1,1,0,0,0
Sociology,Area5,"output, faculty, university, patent, consider",0,1,0,0,0
Sociology,Area6,"operation, properly, manual, activity, extension",1,1,0,0,1
Sociology,Area6,"limited, area, exhibit, accreditation, document",0,0,0,0,0
Sociology,Area6,"evaluation, involve, program, activity, extension",1,1,0,0,1
Sociology,Area6,"result, transfer, extension, activity, program",1,1,0,0,1
Sociology,Area6,"desire, sustain, certain, effect, program",0,0,0,0,0
Sociology,Area6,"extension, student, devise, instrument, activity",1,1,0,0,1
Sociology,Area6,"properly, documentation, determine, monitoring, evaluation",1,0,0,0,0
Sociology,Area6,"faculty, charge, lecture, utilize, activity",1,1,0,0,1
Sociology,Area6,"extension, student, devise, instrument, activity",1,1,0,0,1
Sociology,Area6,"extension, student, devise, instrument, activity",1,1,0,0,1
Sociology,Area6,"spacious, equipment, provide, material, supply",0,1,0,0,0
Sociology,Area6,"spacious, equipment, provide, material, supply",0,1,0,0,0
Sociology,Area6,"spacious, equipment, provide, material, supply",0,1,0,0,0
Sociology,Area6,"spacious, equipment, provide, material, supply",0,1,0,0,0
Sociology,Area6,"faculty, office, college, beneficiary, extension",1,1,0,0,0
Sociology,Area7,"additional, simple, library, student, staff",1,1,0,0,1
Sociology,Area7,"current, seminar, workshop, library, staff",1,1,0,0,1
Sociology,Area7,"additional, simple, library, student, staff",1,1,0,0,1
Sociology,Area7,"collegesuniversitys, adequate, quality, necessary, student",0,0,0,0,0
Sociology,Area7,"various, reading, effective, library, information",1,1,0,0,1
Sociology,Area7,"computer, online, information, center, library",1,1,0,0,1
Sociology,Area7,"filipiniana, continuously, collection, library, enhance",1,1,0,0,1
Sociology,Area7,"maximize, area, enhance, collection, continuously",1,1,0,0,1
Sociology,Area7,"general, care, preservation, library, enhance",1,1,0,0,1
Sociology,Area7,"airconditioning, place, additional, unit, library",1,1,0,0,1
Sociology,Area7,"book, major, formulate, development, policy",0,1,0,0,0
Sociology,Area7,"instal, electronic, service, section, reading",0,1,0,0,0
Sociology,Area7,"mmsu, affected, area, library, need",1,1,0,0,0
Sociology,Area7,"file, wider, college, conserve, collection",1,1,0,0,0
Sociology,Area7,"support, mmsu, collection, need, library",1,1,0,0,0
Sociology,Area8,"periodic, inform, public, water, drinking",0,0,0,0,0
Sociology,Area8,"institution, protect, proper, university, building",1,1,0,0,1
Sociology,Area8,"periodic, inform, available, public, student",0,1,0,0,1
Sociology,Area8,"prescribed, toilet, installation, properly, wiring",0,1,0,0,1
Sociology,Area8,"student, room, classroom, emergency, laboratory",1,1,0,0,1
Sociology,Area8,"community, proper, extinguisher, inside, place",1,1,0,0,1
Sociology,Area8,"label, originate, college, room, inside",1,1,0,0,1
Sociology,Area8,"conducive, learn, room, college, place",1,1,0,0,1
Sociology,Area8,"restroom, maintain, cleanliness, staff, building",1,1,0,0,1
Sociology,Area8,"entrance, map, install, development, vicinity",1,0,0,0,0
Sociology,Area8,"process, supply, teachinglearning, projector, equipment",0,1,0,0,0
Sociology,Area8,"concern, cleanliness, provide, facility, proper",1,1,0,0,0
Sociology,Area8,"center, student, inside, room, provide",1,1,0,0,0
Sociology,Area8,"concern, cleanliness, provide, facility, proper",1,1,0,0,0
Sociology,Area8,"accommodation, proper, student, toilet, facility",1,1,0,0,0
Sociology,Area9,"table, demonstration, additional, laboratory, room",1,1,0,0,1
Sociology,Area9,"physic, room, student, make, laboratory",1,1,0,0,1
Sociology,Area9,"conduct, laboratory, room, make, supply",1,1,0,0,1
Sociology,Area9,"instal, water, laboratory, exercise, conduct",1,1,0,0,1
Sociology,Area9,"college, disaster, properly, time, extinguisher",0,0,0,0,0
Sociology,Area9,"repaint, resource, air, unit, laboratory",1,1,0,0,1
Sociology,Area9,"duty, custodian, consider, hire, function",1,1,0,0,1
Sociology,Area9,"repaint, resource, air, unit, laboratory",1,1,0,0,1
Sociology,Area9,"repaint, resource, air, unit, laboratory",1,1,0,0,1
Sociology,Area9,"repaint, resource, air, unit, laboratory",1,1,0,0,1
Sociology,Area9,"maintenance, orderliness, room, student, tapped",0,1,0,0,0
Sociology,Area9,"consider, equipment, periodic, upgrade, laboratory",1,1,0,0,0
Sociology,Area9,"material, safely, store, supply, laboratory",1,1,0,0,0
Sociology,Area9,"laboratory, material, safely, store, supply",1,1,0,0,0
Sociology,Area9,"material, safely, store, supply, laboratory",1,1,0,0,0
Theraphy,Area1,"include, bulletin, statement, pt, department",0,0,0,0,0
Theraphy,Area1,"participation, stakeholder, formulation, pt, revision",0,0,0,0,0
Theraphy,Area1,"guideline, awareness, not_interpreted, conduct, survey",0,0,0,0,0
Theraphy,Area1,"include, bulletin, statement, department, pt",0,0,0,0,0
Theraphy,Area1,"include, bulletin, statement, department, pt",0,0,0,0,0
Theraphy,Area10,"encourage, no_documents, planning, student, unit",0,0,0,0,0
Theraphy,Area10,"encourage, no_documents, planning, student, unit",0,0,0,0,0
Theraphy,Area10,"encourage, no_documents, planning, student, unit",0,0,0,0,0
Theraphy,Area10,"encourage, no_documents, planning, student, unit",0,0,0,0,0
Theraphy,Area10,"budget, encourage, no_documents, planning, participation",0,0,0,0,0
Theraphy,Area2,"committee, breeding, professional, member, faculty",0,0,0,0,0
Theraphy,Area2,"enjoin, renew, member, faculty, license",0,0,0,0,0
Theraphy,Area2,"formulate, policy, create, committee, breeding",0,0,0,0,0
Theraphy,Area2,"instructional, attendance, activity, professional, development",0,0,0,0,0
Theraphy,Area2,"course, prepared, update, include, syllabus",0,0,0,0,0
Theraphy,Area3,"final, table, examination, specification, midterm",0,0,0,0,0
Theraphy,Area3,"final, table, examination, specification, midterm",0,0,0,0,0
Theraphy,Area3,"sample, difference, tool, assessment, individual",0,0,0,0,0
Theraphy,Area3,"faculty, pt, teach, area, subject",0,0,0,0,0
Theraphy,Area3,"academic, current, course, syllabus, year",0,0,0,0,0
Theraphy,Area4,"provide, checklist, analyze, accord, document",0,0,0,0,0
Theraphy,Area4,"documentary, secure, outminist, grant, document",0,0,0,0,0
Theraphy,Area4,"documentary, secure, outminist, grant, document",0,0,0,0,0
Theraphy,Area4,"activitites, guidance, scholarship, student, service",0,0,0,0,0
Theraphy,Area4,"outminist, include, ay, update, document",0,0,0,0,0
Theraphy,Area5,"formation, edit, abstract, program, research",0,0,0,0,0
Theraphy,Area5,"encourage, conduct, pt, faculty, research",0,0,0,0,0
Theraphy,Area5,"encourage, conduct, pt, faculty, research",0,0,0,0,0
Theraphy,Area5,"information, include, asset, progress, update",0,0,0,0,0
Theraphy,Area5,"research, encourage, conduct, pt, faculty",0,0,0,0,0
Theraphy,Area6,"survey, pt, instrument, adapt, extension",0,0,0,0,0
Theraphy,Area6,"draft, sustainable, department, program, extension",0,0,0,0,0
Theraphy,Area6,"study, suggest, impact, official, program",0,0,0,0,0
Theraphy,Area6,"longterm, draft, sustainable, department, extension",0,0,0,0,0
Theraphy,Area6,"provide, evidence, engagement, outsource, extension",0,0,0,0,0
Theraphy,Area7,"document, collection, available, sufficient, survey",0,0,0,0,0
Theraphy,Area7,"collection, available, management, survey, library",0,0,0,0,0
Theraphy,Area7,"document, collection, available, sufficient, survey",0,0,0,0,0
Theraphy,Area7,"document, collection, available, sufficient, survey",0,0,0,0,0
Theraphy,Area7,"document, collection, available, sufficient, survey",0,0,0,0,0
Theraphy,Area8,"campus, building, available, maintenance, waste",0,0,0,0,0
Theraphy,Area8,"campus, building, available, maintenance, waste",0,0,0,0,0
Theraphy,Area8,"campus, building, available, maintenance, waste",0,0,0,0,0
Theraphy,Area8,"campus, building, available, maintenance, waste",0,0,0,0,0
Theraphy,Area8,"campus, building, available, maintenance, waste",0,0,0,0,0
Theraphy,Area9,"date, center, available, not_periodicals, student",0,0,0,0,0
Theraphy,Area9,"specific, student, laboratory, facility, equipment",0,0,0,0,0
Theraphy,Area9,"date, center, available, not_periodicals, student",0,0,0,0,0
Theraphy,Area9,"date, center, available, not_periodicals, student",0,0,0,0,0
Theraphy,Area9,"date, center, available, not_periodicals, student",0,0,0,0,0
Therapy,Area1,"develop, awareness, gather, university, consider",1,0,0,0,0
Therapy,Area1,"radio, airtime, university, program, consider",1,0,0,0,0
Therapy,Area1,"location, premise, post, school, strategic",1,0,0,0,0
Therapy,Area1,"canteen, poster, area, university, want",1,0,0,0,0
Therapy,Area1,"left, program, reflect, vmgos, college",1,0,0,0,0
Therapy,Area10,"student, personnel, service, faculty, member",1,0,0,0,0
Therapy,Area10,"fixture, equipment, property, physical, university",1,0,0,0,0
Therapy,Area10,"need, ensure, office, document, shall",1,0,0,0,0
Therapy,Area10,"school, personnel, physical, office, university",1,0,0,0,0
Therapy,Area10,"office, administration, time, box, suggestion",1,0,0,0,0
Therapy,Area2,"research, manual, copyright, consider, university",1,0,0,0,0
Therapy,Area2,"copyright, patent, manual, university, faculty",1,0,0,0,0
Therapy,Area2,"workbook, laboratory, module, instructional, patent",1,0,0,0,0
Therapy,Area2,"present, conduct, member, research, faculty",1,0,0,0,0
Therapy,Area2,"educational, extend, administration, fullbright, foundation",1,0,0,0,0
Therapy,Area3,"administration, manual, workbook, faculty, university",1,0,0,0,0
Therapy,Area3,"curriculum, graduate, program, make, university",1,0,0,0,0
Therapy,Area3,"review, material, instructional, development, examination",1,0,0,0,0
Therapy,Area3,"administration, manual, workbook, faculty, university",1,0,0,0,0
Therapy,Area3,"administration, manual, workbook, publication, faculty",1,0,0,0,0
Therapy,Area4,"student, administration, program, activity, effectiveness",1,0,0,0,0
Therapy,Area4,"activity, effectiveness, development, academic, student",1,0,0,0,0
Therapy,Area4,"unit, consider, service, administration, student",1,0,0,0,0
Therapy,Area4,"student, administration, program, activity, effectiveness",1,0,0,0,0
Therapy,Area4,"student, administration, program, activity, effectiveness",1,0,0,0,0
Therapy,Area5,"suggests, development, conduct, research, team",1,0,0,0,0
Therapy,Area5,"suggests, way, policy, financial, support",1,0,0,0,0
Therapy,Area5,"skill, member, faculty, research, team",1,0,0,0,0
Therapy,Area5,"enterprise, produce, conduct, development, new",1,0,0,0,0
Therapy,Area5,"suggests, development, conduct, research, team",1,0,0,0,0
Therapy,Area6,"internal, improvement, tool, recommends, return",1,0,0,0,0
Therapy,Area6,"commercialization, department, extension, new, team",1,0,0,0,0
Therapy,Area6,"recommendation, reiterates, target, team, survey",1,0,0,0,0
Therapy,Area6,"target, extension, department, recommends, team",1,0,0,0,0
Therapy,Area6,"suggests, stability, team, conduct, source",1,0,0,0,0
Therapy,Area7,"recent, professional, program, acquisition, book",1,0,0,0,0
Therapy,Area7,"plan, library, policy, development, collection",1,0,0,0,0
Therapy,Area7,"evaluation, discuss, boardcommittee, assess, plan",1,0,0,0,0
Therapy,Area7,"conduct, usage, quality, book, standard",1,0,0,0,0
Therapy,Area7,"conduct, usage, quality, book, standard",1,0,0,0,0
Therapy,Area8,"service, canteencafeteria, clientele, refurbishment, administration",1,0,0,0,0
Therapy,Area8,"occupancy, visible, make, building, administration",1,0,0,0,0
Therapy,Area8,"stakeholder, escape, post, plan, building",1,0,0,0,0
Therapy,Area8,"service, canteencafeteria, clientele, refurbishment, administration",1,0,0,0,0
Therapy,Area8,"administration, consider, provide, additional, facility",1,0,0,0,0
Therapy,Area9,"safe, room, apparatus, additional, laboratory",1,0,0,0,0
Therapy,Area9,"equipmentapparatus, administration, repair, consider, room",1,0,0,0,0
Therapy,Area9,"user, ensure, end, laboratory, safe",1,0,0,0,0
Therapy,Area9,"maximize, apparatus, additional, equipment, laboratory",1,0,0,0,0
Therapy,Area9,"safe, room, apparatus, additional, laboratory",1,0,0,0,0
