Course,Area,Topic,In_Level_1,In_Level_2,In_Level_3,In_Level_4,Reoccurs,Topic_Length,Topic_Frequency,Appears_Multiple_Levels
ChemicalEngineering,Area1,"ilocano, dissemination, version, sufficient, print",0,0,0,0,0,5,1,0
ChemicalEngineering,Area1,"introductory, integral, review, correct, vmgos",0,0,0,0,0,5,1,0
ChemicalEngineering,Area1,"authority, approval, region, industry, concerned",0,0,0,0,0,5,1,0
ChemicalEngineering,Area1,"short, constitute, present, vital, brief",0,0,0,0,0,5,1,0
ChemicalEngineering,Area1,"discussion, introductory, syllabus, ensure, course",0,0,0,0,0,5,1,0
ChemicalEngineering,Area1,"make, conduct, study, determine, influence",1,0,1,0,1,5,6,1
ChemicalEngineering,Area1,"understand, acceptability, determine, conduct, study",1,0,1,0,1,5,3,1
ChemicalEngineering,Area1,"make, conduct, study, determine, influence",1,0,1,0,1,5,6,1
ChemicalEngineering,Area1,"new, dissemination, jingle, retention, play",0,0,0,0,0,5,3,0
ChemicalEngineering,Area1,"educational, mission, legal, mmsu, graduate",0,0,0,0,0,5,3,0
ChemicalEngineering,Area1,"college, congruency, review, activity, program",0,0,0,0,0,5,1,0
ChemicalEngineering,Area1,"clearly, character, attitude, moral, term",0,0,0,0,0,5,1,0
ChemicalEngineering,Area1,"program, objective, determine, recommend, survey",0,0,0,0,0,5,2,0
ChemicalEngineering,Area1,"program, objective, determine, recommend, survey",0,0,0,0,0,5,2,0
ChemicalEngineering,Area1,"survey, objective, formulate, suit, specific",0,0,0,0,0,5,1,0
ChemicalEngineering,Area1,"mission, vision, program, survey, objective",0,0,0,0,0,5,1,0
ChemicalEngineering,Area1,"acceptability, disseminate, various, intensify, stakeholder",0,0,0,0,0,5,1,0
ChemicalEngineering,Area1,"conduct, awareness, authority, dissemination, concerned",1,0,1,0,0,5,1,1
ChemicalEngineering,Area1,"suggest, indepth, thereof, base, hall",0,0,0,0,0,5,1,0
ChemicalEngineering,Area1,"appropriate, fully, activity, student, document",0,0,0,0,0,5,1,0
ChemicalEngineering,Area10,"monitor, long, evaluate, development, term",0,0,0,0,0,5,1,0
ChemicalEngineering,Area10,"college, document, implementation, maintain, recommend",0,0,0,0,0,5,1,0
ChemicalEngineering,Area10,"release, pay, excess, honorarium, document",0,0,0,0,0,5,1,0
ChemicalEngineering,Area10,"budget, provide, specific, operation, allocation",0,0,0,0,0,5,1,0
ChemicalEngineering,Area10,"neglect, affect, specifically, directly, policy",0,0,0,0,0,5,1,0
ChemicalEngineering,Area10,"package, counterpart, highly, documentation, policy",0,0,0,0,0,5,1,0
ChemicalEngineering,Area10,"allocation, operation, budget, college, provide",0,0,0,0,0,5,1,0
ChemicalEngineering,Area10,"varied, regularly, social, mmsu, work",1,0,0,0,0,5,1,0
ChemicalEngineering,Area10,"management, filing, easily, retrieve, need",0,0,0,0,0,5,1,0
ChemicalEngineering,Area10,"implement, different, realize, strictly, standard",0,0,0,0,0,5,1,0
ChemicalEngineering,Area10,"standard, procedureprocess, unit, preparation, budget",0,0,0,0,0,5,1,0
ChemicalEngineering,Area10,"income, cost, document, faculty, period",0,0,0,0,0,5,1,0
ChemicalEngineering,Area10,"benchmark, statement, easily, determine, attachment",0,0,0,0,0,5,1,0
ChemicalEngineering,Area10,"office, institution, implementation, student, possible",0,0,0,0,0,5,1,0
ChemicalEngineering,Area10,"record, provide, management, copy, repository",0,0,0,0,0,5,1,0
ChemicalEngineering,Area10,"update, improve, action, present, document",0,0,0,0,0,5,2,0
ChemicalEngineering,Area10,"accreditation, period, cover, update, present",0,0,0,0,0,5,1,0
ChemicalEngineering,Area10,"update, improve, action, present, document",0,0,0,0,0,5,2,0
ChemicalEngineering,Area10,"result, address, satisfaction, survey, unit",0,0,0,0,0,5,1,0
ChemicalEngineering,Area10,"activity, indicate, include, picture, caption",0,0,0,0,0,5,1,0
ChemicalEngineering,Area2,"administration, relevant, faculty, member, encourage",0,0,0,0,0,5,2,0
ChemicalEngineering,Area2,"schedule, teach, load, hour, faculty",0,0,0,0,0,5,1,0
ChemicalEngineering,Area2,"complete, course, graduate, encourage, faculty",0,0,0,0,0,5,1,0
ChemicalEngineering,Area2,"linkage, grow, professionalscientific, member, preparation",0,0,0,0,0,5,1,0
ChemicalEngineering,Area2,"administration, relevant, faculty, member, encourage",0,0,0,0,0,5,2,0
ChemicalEngineering,Area2,"not_to, faculty, number, member, review",0,0,0,0,0,5,1,0
ChemicalEngineering,Area2,"requirement, different, maximum, ched, implement",0,0,0,0,0,5,1,0
ChemicalEngineering,Area2,"presentation, paper, internationally, encourage, faculty",0,0,0,0,0,5,1,0
ChemicalEngineering,Area2,"observe, student, number, faculty, member",0,0,0,0,0,5,1,0
ChemicalEngineering,Area2,"material, load, avoid, professional, teach",1,0,0,0,0,5,1,0
ChemicalEngineering,Area2,"ched, high, program, minimum, degree",0,1,0,0,0,5,1,0
ChemicalEngineering,Area2,"module, learn, engineering, compilation, workbook",0,0,0,0,0,5,1,0
ChemicalEngineering,Area2,"laboratory, department, teach, continuously, faculty",0,1,0,0,0,5,2,0
ChemicalEngineering,Area2,"upgrade, lab, implement, quality, lecture",0,0,0,0,0,5,1,0
ChemicalEngineering,Area2,"laboratory, department, teach, continuously, faculty",0,1,0,0,0,5,2,0
ChemicalEngineering,Area2,"bsche, candidate, journal, minimum, professional",0,0,0,0,0,5,1,0
ChemicalEngineering,Area2,"process, current, new, ict, instructional",0,0,0,0,0,5,1,0
ChemicalEngineering,Area2,"mmsu, update, repository, correct, document",0,0,0,0,0,5,1,0
ChemicalEngineering,Area2,"intermittent, document, instructional, faculty, syllabus",0,0,0,0,0,5,1,0
ChemicalEngineering,Area2,"publishing, program, faculty, learn, university",0,0,0,0,0,5,1,0
ChemicalEngineering,Area3,"simplify, performance, rating, outstanding, faculty",0,0,0,0,0,5,1,0
ChemicalEngineering,Area3,"label, box, uniformly, document, properly",0,0,0,0,0,5,1,0
ChemicalEngineering,Area3,"application, comprehension, tos, examination, categorize",0,0,0,0,0,5,1,0
ChemicalEngineering,Area3,"semester, evaluation, follow, low, additional",0,0,0,0,0,5,1,0
ChemicalEngineering,Area3,"national, instructor, book, purchase, subject",0,0,0,0,0,5,1,0
ChemicalEngineering,Area3,"instruction, basis, performance, improvement, academic",1,1,0,0,1,5,1,1
ChemicalEngineering,Area3,"subject, grade, different, suggest, reference",0,0,0,0,0,5,1,0
ChemicalEngineering,Area3,"semester, class, encourage, instructional, review",0,0,0,0,0,5,1,0
ChemicalEngineering,Area3,"related, activity, servicetraining, specialization, unit",0,0,0,0,0,5,1,0
ChemicalEngineering,Area3,"conduct, test, construction, curriculum, graduate",1,0,0,0,0,5,1,0
ChemicalEngineering,Area3,"feedback, tracer, faculty, consider, member",0,1,1,0,1,5,2,1
ChemicalEngineering,Area3,"tos, examination, encourage, construct, base",0,0,0,0,0,5,1,0
ChemicalEngineering,Area3,"revise, college, invite, industrial, graduate",0,0,0,0,0,5,1,0
ChemicalEngineering,Area3,"instruction, develop, format, ched, syllabus",1,1,0,0,0,5,1,1
ChemicalEngineering,Area3,"feedback, tracer, faculty, consider, member",0,1,1,0,1,5,2,1
ChemicalEngineering,Area3,"consider, update, program, student, faculty",0,1,1,0,0,5,1,1
ChemicalEngineering,Area3,"esignature, receipt, remark, mvle, indicate",0,0,1,0,0,5,1,0
ChemicalEngineering,Area3,"effective, evaluation, result, consider, graduate",0,1,1,0,0,5,1,1
ChemicalEngineering,Area3,"reference, time, utilization, year, syllabus",0,0,0,0,0,5,1,0
ChemicalEngineering,Area3,"video, introduce, home, laboratory, student",0,0,1,0,0,5,1,0
ChemicalEngineering,Area4,"arm, service, year, student, organization",0,0,0,0,0,5,1,0
ChemicalEngineering,Area4,"properly, support, thoroughly, initiative, documentation",0,0,0,0,0,5,1,0
ChemicalEngineering,Area4,"participate, potential, tap, alumnus, continue",0,0,0,0,0,5,1,0
ChemicalEngineering,Area4,"sociocultural, utilized, publication, sufficiently, unit",0,0,0,0,0,5,1,0
ChemicalEngineering,Area4,"result, various, school, evaluation, activity",0,0,0,0,0,5,1,0
ChemicalEngineering,Area4,"properly, label, document, folder, file",0,0,0,0,0,5,2,0
ChemicalEngineering,Area4,"student, highly, documentation, recommend, activity",0,0,0,0,0,5,2,0
ChemicalEngineering,Area4,"highly, label, properly, need, student",0,0,0,0,0,5,2,0
ChemicalEngineering,Area4,"information, provide, social, educational, occupational",0,0,0,0,0,5,2,0
ChemicalEngineering,Area4,"guidance, cater, additional, counselor, faculty",1,0,0,0,0,5,2,0
ChemicalEngineering,Area4,"issue, seminar, encourage, practitioner, late",0,1,0,0,0,5,1,0
ChemicalEngineering,Area4,"performance, suggest, achievement, separate, document",0,0,0,0,0,5,1,0
ChemicalEngineering,Area4,"design, base, student, program, activity",0,0,0,0,0,5,1,0
ChemicalEngineering,Area4,"student, unit, publication, apply, issn",0,0,0,0,0,5,1,0
ChemicalEngineering,Area4,"profile, study, problem, student, guidance",0,0,0,0,0,5,1,0
ChemicalEngineering,Area4,"regular, security, license, renewal, personnel",0,0,0,0,0,5,1,0
ChemicalEngineering,Area4,"participation, welfare, evident, student, conduct",0,0,1,0,0,5,1,0
ChemicalEngineering,Area4,"program, publication, production, encourage, yearbook",0,0,0,0,0,5,1,0
ChemicalEngineering,Area4,"consultation, concerned, request, attend, student",0,0,0,0,0,5,1,0
ChemicalEngineering,Area4,"not_compromising, instruction, campaign, universitycollege, quality",0,0,1,0,0,5,1,0
ChemicalEngineering,Area5,"staff, assist, different, faculty, hire",0,0,0,0,0,5,2,0
ChemicalEngineering,Area5,"prepared, publish, journal, output, research",0,0,0,0,0,5,2,0
ChemicalEngineering,Area5,"department, line, agendaprogram, agenda, national",0,0,0,0,0,5,2,0
ChemicalEngineering,Area5,"manuscript, guide, prescribed, form, write",0,0,0,0,0,5,2,0
ChemicalEngineering,Area5,"make, proceeding, inhouse, review, conduct",0,0,0,0,0,5,2,0
ChemicalEngineering,Area5,"representative, review, stakeholder, considerable, agenda",0,0,0,0,0,5,1,0
ChemicalEngineering,Area5,"encourage, disseminate, university, library, research",0,0,0,0,0,5,1,0
ChemicalEngineering,Area5,"write, different, output, research, institution",0,0,0,0,0,5,1,0
ChemicalEngineering,Area5,"publication, paper, organize, write, refereed",0,0,0,0,0,5,1,0
ChemicalEngineering,Area5,"correspond, approve, incentive, allow, faculty",0,0,0,0,0,5,1,0
ChemicalEngineering,Area5,"documentation, agenda, various, research, program",0,0,0,0,0,5,1,0
ChemicalEngineering,Area5,"jsps, promotional, linkage, assistance, funding",0,0,0,0,0,5,1,0
ChemicalEngineering,Area5,"update, report, project, completion, available",0,0,0,0,0,5,1,0
ChemicalEngineering,Area5,"project, development, fully, make, research",0,0,0,0,0,5,2,0
ChemicalEngineering,Area5,"project, development, fully, make, research",0,0,0,0,0,5,2,0
ChemicalEngineering,Area5,"professional, work, linkage, strengthen, abroad",0,0,1,0,0,5,1,0
ChemicalEngineering,Area5,"follow, patent, order, encourage, research",0,0,0,0,0,5,1,0
ChemicalEngineering,Area5,"isi, international, faculty, refereed, world",0,0,0,0,0,5,1,0
ChemicalEngineering,Area5,"fabricate, income, equipment, gas, generate",0,0,1,0,0,5,1,0
ChemicalEngineering,Area5,"department, extension, periodically, community, research",0,0,0,0,0,5,1,0
ChemicalEngineering,Area6,"replanning, analyze, office, activity, extension",0,0,0,0,0,5,1,0
ChemicalEngineering,Area6,"equivalent, teach, member, extension, service",0,0,0,0,0,5,1,0
ChemicalEngineering,Area6,"equipment, information, computer, printer, need",0,0,0,0,0,5,1,0
ChemicalEngineering,Area6,"clientelebarangay, assessment, prioritize, undertaken, training",0,0,0,0,0,5,1,0
ChemicalEngineering,Area6,"conduct, extension, activity, document, properly",0,1,1,0,1,5,1,1
ChemicalEngineering,Area6,"learn, knowledge, skill, technology, recipient",0,0,0,0,0,5,1,0
ChemicalEngineering,Area6,"budget, follow, proper, documentation, community",1,0,0,0,0,5,1,0
ChemicalEngineering,Area6,"extension, program, utilization, assessment, institution",0,0,0,0,0,5,1,0
ChemicalEngineering,Area6,"technical, assistance, agency, additional, venture",1,0,0,0,0,5,1,0
ChemicalEngineering,Area6,"office, marked, authentication, accomplishment, planning",0,0,0,0,0,5,1,0
ChemicalEngineering,Area6,"implementation, process, prior, possible, incorporate",0,0,0,0,0,5,1,0
ChemicalEngineering,Area6,"moaterminal, report, completion, available, update",0,0,0,0,0,5,1,0
ChemicalEngineering,Area6,"make, improve, suggest, sustainable, conduct",0,1,1,0,1,5,1,1
ChemicalEngineering,Area6,"program, sustainability, make, project, extension",0,0,0,0,0,5,1,0
ChemicalEngineering,Area6,"impact, govemment, apply, workable, project",0,0,0,0,0,5,1,0
ChemicalEngineering,Area6,"left, invert, improve, presentation, document",0,0,0,0,0,5,1,0
ChemicalEngineering,Area6,"maybe, report, evaluation, analyze, complete",0,0,0,0,0,5,1,0
ChemicalEngineering,Area6,"participation, attendance, student, faculty, extension",0,0,0,0,0,5,1,0
ChemicalEngineering,Area6,"properly, extension, conduct, document, project",0,1,1,0,0,5,1,1
ChemicalEngineering,Area6,"document, project, properly, regular, monitoring",0,0,0,0,0,5,1,0
ChemicalEngineering,Area7,"current, seminar, workshop, staff, library",0,0,0,0,0,5,4,0
ChemicalEngineering,Area7,"simple, support, hire, assistant, student",0,0,0,0,0,5,8,0
ChemicalEngineering,Area7,"develop, collegesuniversitys, adequate, quantity, necessary",0,0,0,0,0,5,4,0
ChemicalEngineering,Area7,"simple, support, hire, assistant, student",0,0,0,0,0,5,8,0
ChemicalEngineering,Area7,"online, college, various, effective, information",0,0,0,0,0,5,4,0
ChemicalEngineering,Area7,"faster, offer, online, service, access",0,0,0,0,0,5,1,0
ChemicalEngineering,Area7,"widely, resource, program, acquisition, library",0,0,0,0,0,5,1,0
ChemicalEngineering,Area7,"duly, operation, disseminate, widely, library",0,0,0,0,0,5,1,0
ChemicalEngineering,Area7,"newsletter, late, accomplishment, promotes, library",0,0,0,0,0,5,1,0
ChemicalEngineering,Area7,"unit, learn, ventilation, fan, warrant",0,0,0,0,0,5,1,0
ChemicalEngineering,Area7,"plan, collection, engineering, development, policy",0,0,0,0,0,5,1,0
ChemicalEngineering,Area7,"library, evaluate, furthermore, standard, program",0,0,0,0,0,5,2,0
ChemicalEngineering,Area7,"library, recent, book, acquisition, plan",0,0,0,0,0,5,1,0
ChemicalEngineering,Area7,"library, evaluate, furthermore, standard, program",0,0,0,0,0,5,2,0
ChemicalEngineering,Area7,"librarian, quantity, quality, determine, set",0,0,0,0,0,5,1,0
ChemicalEngineering,Area7,"major, journal, book, recently, professional",0,0,0,0,0,5,1,0
ChemicalEngineering,Area7,"sustain, program, collection, regular, subject",0,0,0,0,0,5,2,0
ChemicalEngineering,Area7,"sustain, program, collection, regular, subject",0,0,0,0,0,5,2,0
ChemicalEngineering,Area7,"mapping, evaluate, copyright, require, year",0,0,0,0,0,5,1,0
ChemicalEngineering,Area7,"regular, relevant, weedingout, efficient, sustain",0,0,0,0,0,5,1,0
ChemicalEngineering,Area8,"repair, classroom, checked, vandalism, wall",0,1,0,0,1,5,1,0
ChemicalEngineering,Area8,"extinguisher, personnel, orientation, regular, class",0,0,0,0,0,5,1,0
ChemicalEngineering,Area8,"medical, supply, dental, label, desirable",0,0,0,0,0,5,1,0
ChemicalEngineering,Area8,"augur, constituent, ensure, college, provide",0,0,0,0,0,5,1,0
ChemicalEngineering,Area8,"center, conduct, semester, drill, earthquake",0,0,0,0,0,5,1,0
ChemicalEngineering,Area8,"pwd, person, inside, provide, facility",0,0,0,0,0,5,1,0
ChemicalEngineering,Area8,"service, campus, powerhouse, completion, electrical",0,0,0,0,0,5,1,0
ChemicalEngineering,Area8,"receive, visitor, form, lounge, faculty",0,0,0,0,0,5,1,0
ChemicalEngineering,Area8,"room, building, properly, comfort, maintain",1,0,0,0,0,5,1,0
ChemicalEngineering,Area8,"regularly, operate, require, recovery, material",1,0,0,0,0,5,1,0
ChemicalEngineering,Area8,"clientele, escape, plan, stakeholder, safety",0,0,0,0,0,5,1,0
ChemicalEngineering,Area8,"visibly, soon, possible, provide, facility",0,0,0,0,0,5,1,0
ChemicalEngineering,Area8,"post, visibly, occupancy, certificate, secure",0,0,0,0,0,5,1,0
ChemicalEngineering,Area8,"staff, housing, faculty, student, repair",0,1,0,0,0,5,1,0
ChemicalEngineering,Area8,"possible, signal, instal, central, alarm",0,0,0,0,0,5,1,0
ChemicalEngineering,Area8,"college, improve, food, engineering, servicescanteen",0,0,0,0,0,5,1,0
ChemicalEngineering,Area8,"administration, update, bulletin, board, display",0,0,1,0,0,5,1,0
ChemicalEngineering,Area8,"learn, conducive, budget, refurbish, warrant",0,0,0,0,0,5,1,0
ChemicalEngineering,Area8,"personnel, regular, renewal, security, license",0,0,0,0,0,5,1,0
ChemicalEngineering,Area8,"bulletin, update, present, document, substantial",0,0,0,0,0,5,1,0
ChemicalEngineering,Area9,"group, member, revisedupdated, correspond, manual",0,0,0,0,0,5,1,0
ChemicalEngineering,Area9,"instead, student, faculty, room, laboratory",0,0,1,0,1,5,1,0
ChemicalEngineering,Area9,"plan, operation, continue, pursue, generator",0,0,0,0,0,5,1,0
ChemicalEngineering,Area9,"feasible, chemical, analytical, purchase, laboratory",1,0,1,0,1,5,1,1
ChemicalEngineering,Area9,"numerous, laboratory, student, lab, class",1,0,1,0,1,5,1,1
ChemicalEngineering,Area9,"student, equipment, operation, different, laboratory",1,0,1,0,1,5,1,1
ChemicalEngineering,Area9,"drill, regular, conduct, earthquake, management",1,0,0,0,0,5,1,0
ChemicalEngineering,Area9,"encourage, warrant, provide, gm, pc",0,0,0,0,0,5,1,0
ChemicalEngineering,Area9,"suggest, conspicuous, extinguisher, accessibility, place",0,0,0,0,0,5,1,0
ChemicalEngineering,Area9,"readable, print, precautionary, visibly, measure",0,0,0,0,0,5,1,0
ChemicalEngineering,Area9,"end, administration, modification, room, construction",0,1,0,0,0,5,1,0
ChemicalEngineering,Area9,"room, construction, stock, maybe, andor",0,1,0,0,0,5,1,0
ChemicalEngineering,Area9,"administration, additional, exist, prioritize, instrument",0,1,0,0,0,5,1,0
ChemicalEngineering,Area9,"memorandum, donate, receipt, safe, user",0,1,0,0,0,5,1,0
ChemicalEngineering,Area9,"high, equipmentapparatus, repair, schedule, conduct",0,1,0,0,0,5,1,0
ChemicalEngineering,Area9,"reference, inside, manual, room, laboratory",0,0,1,0,0,5,1,0
ChemicalEngineering,Area9,"functional, ensure, shall, maintenance, laboratory",0,0,1,0,0,5,1,0
ChemicalEngineering,Area9,"properly, substantial, document, present, update",0,0,0,0,0,5,1,0
ChemicalEngineering,Area9,"personnel, inventory, duly, equipmentapparatus, laboratory",0,0,1,0,0,5,1,0
ChemicalEngineering,Area9,"incharge, sign, program, equipment, laboratory",1,0,1,0,0,5,1,1
ComputerEngineering,Area1,"complete, signature, serve, documentation, present",0,0,0,0,0,5,1,0
ComputerEngineering,Area1,"vision, dissemination, concerned, authority, hall",0,0,0,0,0,5,1,0
ComputerEngineering,Area1,"understand, program, survey, objective, stakeholder",0,0,0,0,0,5,1,0
ComputerEngineering,Area1,"study, result, awareness, conduct, acceptability",1,0,0,0,1,5,1,0
ComputerEngineering,Area1,"appropriate, fully, support, student, document",0,0,0,0,0,5,1,0
ComputerEngineering,Area1,"make, conduct, study, determine, influence",1,0,0,0,0,5,6,0
ComputerEngineering,Area1,"understand, acceptability, determine, conduct, study",1,0,0,0,0,5,3,0
ComputerEngineering,Area1,"make, conduct, study, determine, influence",1,0,0,0,0,5,6,0
ComputerEngineering,Area1,"new, dissemination, jingle, retention, play",0,0,0,0,0,5,3,0
ComputerEngineering,Area1,"educational, mission, legal, mmsu, graduate",0,0,0,0,0,5,3,0
ComputerEngineering,Area1,"necessary, engineering, internalize, college, stakeholder",0,1,0,0,0,5,2,0
ComputerEngineering,Area1,"documentation, invite, necessary, actively, review",0,1,0,0,0,5,1,0
ComputerEngineering,Area1,"picture, know, meaning, statement, able",0,0,0,0,0,5,1,0
ComputerEngineering,Area1,"recommend, medium, dissemination, stakeholder, encourage",0,0,0,0,0,5,1,0
ComputerEngineering,Area1,"necessary, engineering, internalize, college, stakeholder",0,1,0,0,0,5,2,0
ComputerEngineering,Area1,"sufficient, dissemination, translation, copy, version",0,0,0,0,0,5,1,0
ComputerEngineering,Area1,"ensure, discussion, review, correct, vmgos",0,0,1,0,0,5,1,0
ComputerEngineering,Area1,"industry, mgo, linkage, acceptability, concerned",0,0,0,0,0,5,1,0
ComputerEngineering,Area1,"constitute, committee, brief, adequate, possible",0,0,0,0,0,5,1,0
ComputerEngineering,Area1,"ensure, discussion, syllabus, integral, course",0,0,1,0,0,5,1,0
ComputerEngineering,Area10,"departmental, survey, document, activity, student",0,0,0,0,0,5,2,0
ComputerEngineering,Area10,"departmental, survey, document, activity, student",0,0,0,0,0,5,2,0
ComputerEngineering,Area10,"documentation, departmental, survey, need, conduct",0,0,0,0,0,5,1,0
ComputerEngineering,Area10,"student, faculty, filing, encourage, approve",0,0,0,0,0,5,1,0
ComputerEngineering,Area10,"compliance, recommendation, say, suggest, accomplish",0,0,0,0,0,5,1,0
ComputerEngineering,Area10,"teach, time, release, include, preparation",0,0,0,0,0,5,1,0
ComputerEngineering,Area10,"maintain, budget, college, specific, provide",0,0,0,0,0,5,1,0
ComputerEngineering,Area10,"highly, attach, package, pertinent, documentation",0,0,0,0,0,5,1,0
ComputerEngineering,Area10,"college, institution, budget, monitor, activity",0,0,0,0,0,5,1,0
ComputerEngineering,Area10,"plan, longterm, development, short, policy",0,0,0,0,0,5,1,0
ComputerEngineering,Area10,"asia, aqrf, aqan, time, high",0,1,0,0,0,5,4,0
ComputerEngineering,Area10,"asia, aqrf, aqan, time, high",0,1,0,0,0,5,4,0
ComputerEngineering,Area10,"asia, aqrf, aqan, time, high",0,1,0,0,0,5,4,0
ComputerEngineering,Area10,"asia, aqrf, aqan, time, high",0,1,0,0,0,5,4,0
ComputerEngineering,Area10,"network, quality, rank, asean, university",0,0,0,0,0,5,1,0
ComputerEngineering,Area10,"systematic, record, management, ln, document",0,0,0,0,0,5,1,0
ComputerEngineering,Area10,"package, attach, pertinent, highly, document",0,0,0,0,0,5,1,0
ComputerEngineering,Area10,"operation, college, time, provide, budget",0,0,0,0,0,5,1,0
ComputerEngineering,Area10,"neglect, not_be, affect, institution, policy",0,0,0,0,0,5,1,0
ComputerEngineering,Area10,"long, evaluate, development, term, monitor",0,0,0,0,0,5,1,0
ComputerEngineering,Area2,"field, research, scholarly, output, faculty",0,0,0,0,0,5,1,0
ComputerEngineering,Area2,"shall, specialization, align, graduate, pursue",0,0,0,0,0,5,1,0
ComputerEngineering,Area2,"recognize, international, ched, article, journal",0,0,0,0,0,5,1,0
ComputerEngineering,Area2,"instruction, development, encourage, member, faculty",0,0,0,0,0,5,1,0
ComputerEngineering,Area2,"material, teach, utilization, readily, im",0,0,0,0,0,5,1,0
ComputerEngineering,Area2,"attend, monitoring, univer, college, class",0,0,0,0,0,5,1,0
ComputerEngineering,Area2,"honor, organization, participate, specialization, join",0,0,0,0,0,5,1,0
ComputerEngineering,Area2,"beneficial, assignment, administrative, revision, workload",0,0,0,0,0,5,1,0
ComputerEngineering,Area2,"prompt, classroom, provide, faculty, duty",0,0,0,0,0,5,1,0
ComputerEngineering,Area2,"teachinglearning, technique, unit, improve, environment",0,0,0,0,0,5,1,0
ComputerEngineering,Area2,"anticipate, laboratory, additional, faculty, encourage",0,1,0,0,0,5,2,0
ComputerEngineering,Area2,"institution, graduate, teach, university, position",0,0,0,0,0,5,1,0
ComputerEngineering,Area2,"resource, engagement, speak, cpe, lecture",0,0,0,0,0,5,1,0
ComputerEngineering,Area2,"anticipate, laboratory, additional, faculty, room",0,1,0,0,0,5,1,0
ComputerEngineering,Area2,"anticipate, laboratory, additional, faculty, encourage",0,1,0,0,0,5,2,0
ComputerEngineering,Area2,"load, teach, member, encourage, faculty",0,0,0,0,0,5,1,0
ComputerEngineering,Area2,"possible, linkage, membership, encourage, member",0,0,0,0,0,5,1,0
ComputerEngineering,Area2,"class, schedule, budget, development, faculty",0,0,1,0,0,5,1,0
ComputerEngineering,Area2,"distribution, deliberate, productively, preparation, review",0,0,0,0,0,5,1,0
ComputerEngineering,Area2,"reference, easy, graduate, complete, course",0,0,0,0,0,5,1,0
ComputerEngineering,Area3,"documentation, ipr, establish, protect, intellectual",0,0,0,0,0,5,1,0
ComputerEngineering,Area3,"resource, college, exchange, material, instructional",1,1,1,0,1,5,1,1
ComputerEngineering,Area3,"encourage, student, study, rate, academic",0,0,0,0,0,5,1,0
ComputerEngineering,Area3,"evidence, prepare, online, benchmark, uploaded",0,0,0,0,0,5,1,0
ComputerEngineering,Area3,"approve, strongly, consider, suggest, faculty",0,0,0,0,0,5,1,0
ComputerEngineering,Area3,"undertaken, active, consultation, significant, faculty",0,0,0,0,0,5,1,0
ComputerEngineering,Area3,"instruction, research, performance, encourage, material",1,0,1,0,1,5,1,1
ComputerEngineering,Area3,"graduate, statistically, employability, employer, engineering",0,0,0,0,0,5,1,0
ComputerEngineering,Area3,"major, specially, minor, edition, reading",0,0,0,0,0,5,1,0
ComputerEngineering,Area3,"reference, reflect, descriptive, year, course",0,0,0,0,0,5,1,0
ComputerEngineering,Area3,"stakeholder, curriculum, university, faculty, encourage",0,0,0,0,0,5,2,0
ComputerEngineering,Area3,"stakeholder, curriculum, university, faculty, encourage",0,0,0,0,0,5,2,0
ComputerEngineering,Area3,"student, tool, capability, mathematics, subject",0,0,0,0,0,5,1,0
ComputerEngineering,Area3,"exchange, coe, administration, material, way",0,1,1,0,1,5,1,1
ComputerEngineering,Area3,"review, revision, stakeholder, curriculum, university",0,0,0,0,0,5,1,0
ComputerEngineering,Area3,"linkage, educationaltraining, exchangeadoption, institution, widen",0,0,0,0,0,5,1,0
ComputerEngineering,Area3,"student, faculty, curriculum, computer, engineering",0,0,0,0,0,5,1,0
ComputerEngineering,Area3,"importance, property, emphasis, right, certification",0,0,0,0,0,5,1,0
ComputerEngineering,Area3,"purpose, college, purchase, material, instructional",1,1,1,0,0,5,1,1
ComputerEngineering,Area3,"program, course, syllabus, faculty, lecture",0,0,0,0,0,5,1,0
ComputerEngineering,Area4,"regional, submission, list, special, housing",0,0,0,0,0,5,1,0
ComputerEngineering,Area4,"say, suggest, compliance, accomplish, recommendation",0,0,0,0,0,5,1,0
ComputerEngineering,Area4,"publish, research, osas, present, conduct",0,0,0,0,0,5,1,0
ComputerEngineering,Area4,"center, guideline, theutilization, student, encourage",0,0,0,0,0,5,1,0
ComputerEngineering,Area4,"annually, issue, need, survey, program",0,0,0,0,0,5,1,0
ComputerEngineering,Area4,"activity, need, properly, label, student",0,0,0,0,0,5,1,0
ComputerEngineering,Area4,"properly, file, document, folder, need",0,0,0,0,0,5,1,0
ComputerEngineering,Area4,"provide, social, information, occupational, educational",0,0,0,0,0,5,1,0
ComputerEngineering,Area4,"counselor, cater, additional, member, guidance",1,0,0,0,0,5,1,0
ComputerEngineering,Area4,"person, involves, indicate, picture, activity",0,0,0,0,0,5,1,0
ComputerEngineering,Area4,"community, benchmark, require, statement, substantiate",0,0,0,0,0,5,1,0
ComputerEngineering,Area4,"form, student, license, guidance, counselor",0,0,0,0,0,5,1,0
ComputerEngineering,Area4,"documentation, post, possible, bulletin, activity",0,0,0,0,0,5,1,0
ComputerEngineering,Area4,"data, complete, suggest, document, student",0,0,0,0,0,5,1,0
ComputerEngineering,Area4,"document, need, authenticity, sign, signature",0,0,0,0,0,5,1,0
ComputerEngineering,Area4,"different, serve, particular, student, organization",0,0,0,0,0,5,1,0
ComputerEngineering,Area4,"willingness, tap, potential, participate, continue",0,0,0,0,0,5,1,0
ComputerEngineering,Area4,"sufficiently, publication, utilized, appropriately, unit",0,0,0,0,0,5,1,0
ComputerEngineering,Area4,"effectiveness, assessment, arm, service, action",0,0,0,0,0,5,1,0
ComputerEngineering,Area4,"support, initiative, parent, thoroughly, documentation",0,0,0,0,0,5,1,0
ComputerEngineering,Area5,"properly, document, exchange, hel, improve",0,0,0,0,0,5,1,0
ComputerEngineering,Area5,"official, generate, help, strategy, lgu",0,0,0,0,0,5,1,0
ComputerEngineering,Area5,"consider, varied, publication, agency, research",0,0,0,0,0,5,1,0
ComputerEngineering,Area5,"patent, responsive, write, research, capability",0,0,0,0,0,5,1,0
ComputerEngineering,Area5,"result, documentation, output, proper, suggest",0,0,0,0,0,5,1,0
ComputerEngineering,Area5,"process, instruction, extension, activity, utilized",1,1,0,0,1,5,1,1
ComputerEngineering,Area5,"formulation, participation, maximize, agenda, research",1,0,0,0,0,5,1,0
ComputerEngineering,Area5,"culture, individual, develop, team, research",0,0,0,0,0,5,1,0
ComputerEngineering,Area5,"college, member, encourage, research, faculty",0,0,0,0,0,5,1,0
ComputerEngineering,Area5,"include, enhancement, update, software, analysis",0,0,0,0,0,5,1,0
ComputerEngineering,Area5,"coe, specialization, apply, involve, research",0,0,0,0,0,5,3,0
ComputerEngineering,Area5,"coe, specialization, apply, involve, research",0,0,0,0,0,5,3,0
ComputerEngineering,Area5,"college, activity, instruction, suggest, utilized",1,1,0,0,0,5,1,1
ComputerEngineering,Area5,"coe, specialization, apply, involve, research",0,0,0,0,0,5,3,0
ComputerEngineering,Area5,"specialization, apply, involve, research, faculty",0,0,0,0,0,5,1,0
ComputerEngineering,Area5,"staff, assist, different, faculty, hire",0,0,0,0,0,5,2,0
ComputerEngineering,Area5,"prepared, publish, journal, output, research",0,0,0,0,0,5,2,0
ComputerEngineering,Area5,"department, line, agendaprogram, agenda, national",0,0,0,0,0,5,2,0
ComputerEngineering,Area5,"manuscript, guide, prescribed, form, write",0,0,0,0,0,5,2,0
ComputerEngineering,Area5,"make, proceeding, inhouse, review, conduct",0,0,1,0,0,5,2,0
ComputerEngineering,Area6,"faculty, encourage, participation, maximum, strengthen",0,0,0,0,0,5,1,0
ComputerEngineering,Area6,"assessment, periodic, evaluation, improve, extension",0,0,0,0,0,5,1,0
ComputerEngineering,Area6,"institutionalize, foreign, agency, nongovernmental, local",0,0,0,0,0,5,1,0
ComputerEngineering,Area6,"include, implementation, planning, extension, student",0,0,0,0,0,5,1,0
ComputerEngineering,Area6,"extension, activity, suggest, project, sustainable",0,0,0,0,0,5,1,0
ComputerEngineering,Area6,"followup, purpose, problem, need, properly",0,0,0,0,0,5,1,0
ComputerEngineering,Area6,"process, community, extension, planning, program",0,0,0,0,0,5,1,0
ComputerEngineering,Area6,"utilization, proper, budget, documentation, follow",1,0,0,0,0,5,1,0
ComputerEngineering,Area6,"assistance, agency, additional, source, venture",1,0,0,0,0,5,1,0
ComputerEngineering,Area6,"community, replanning, assessment, utilization, institution",0,0,0,0,0,5,1,0
ComputerEngineering,Area6,"program, relation, relevant, college, thrust",0,0,0,0,0,5,1,0
ComputerEngineering,Area6,"involvement, encourage, work, activity, extension",0,1,0,0,0,5,3,0
ComputerEngineering,Area6,"involvement, encourage, work, activity, extension",0,1,0,0,0,5,3,0
ComputerEngineering,Area6,"extension, work, encourage, student, involvement",0,1,0,0,0,5,1,0
ComputerEngineering,Area6,"involvement, encourage, work, activity, extension",0,1,0,0,0,5,3,0
ComputerEngineering,Area6,"replanning, make, evaluation, analyze, need",0,0,0,0,0,5,1,0
ComputerEngineering,Area6,"encourage, teach, member, deloaded, extension",0,0,0,0,0,5,1,0
ComputerEngineering,Area6,"office, extension, activity, properly, document",0,0,0,0,0,5,1,0
ComputerEngineering,Area6,"office, target, activity, extension, conduct",0,0,1,0,0,5,1,0
ComputerEngineering,Area6,"clientelebarangay, assessment, program, undertaken, training",0,0,1,0,0,5,1,0
ComputerEngineering,Area7,"weedingout, subject, program, regular, collection",0,0,0,0,0,5,3,0
ComputerEngineering,Area7,"weedingout, subject, program, regular, collection",0,0,0,0,0,5,3,0
ComputerEngineering,Area7,"evaluate, copyright, suggest, title, year",0,0,0,0,0,5,1,0
ComputerEngineering,Area7,"regular, efficient, weedingout, sustain, relevant",0,0,0,0,0,5,1,0
ComputerEngineering,Area7,"weedingout, subject, program, regular, collection",0,0,0,0,0,5,3,0
ComputerEngineering,Area7,"late, newsletter, service, access, library",0,0,0,0,0,5,2,0
ComputerEngineering,Area7,"duly, operation, manual, comprehensive, widely",0,0,0,0,0,5,2,0
ComputerEngineering,Area7,"promotes, resource, acquisition, program, library",0,0,0,0,0,5,4,0
ComputerEngineering,Area7,"field, evaluate, professional, copy, resource",0,0,0,0,0,5,1,0
ComputerEngineering,Area7,"promotes, resource, acquisition, program, library",0,0,0,0,0,5,4,0
ComputerEngineering,Area7,"professional, program, library, evaluate, furthermore",0,0,0,0,0,5,3,0
ComputerEngineering,Area7,"professional, program, library, evaluate, furthermore",0,0,0,0,0,5,3,0
ComputerEngineering,Area7,"plan, collection, engineering, policy, development",0,0,0,0,0,5,1,0
ComputerEngineering,Area7,"professional, program, library, evaluate, furthermore",0,0,0,0,0,5,3,0
ComputerEngineering,Area7,"standard, acquisition, program, plan, book",0,0,0,0,0,5,1,0
ComputerEngineering,Area7,"current, seminar, workshop, staff, library",0,0,0,0,0,5,4,0
ComputerEngineering,Area7,"simple, support, hire, assistant, student",0,0,0,0,0,5,8,0
ComputerEngineering,Area7,"develop, collegesuniversitys, adequate, quantity, necessary",0,0,1,0,0,5,4,0
ComputerEngineering,Area7,"simple, support, hire, assistant, student",0,0,0,0,0,5,8,0
ComputerEngineering,Area7,"online, college, various, effective, information",0,0,0,0,0,5,4,0
ComputerEngineering,Area8,"improve, food, canteen, new, accommodate",1,0,0,0,0,5,1,0
ComputerEngineering,Area8,"service, powerhouse, electrical, campus, completion",0,0,0,0,0,5,1,0
ComputerEngineering,Area8,"open, stage, landscape, roof, make",0,0,0,0,0,5,1,0
ComputerEngineering,Area8,"person, pwd, inside, provide, facility",0,0,0,0,0,5,1,0
ComputerEngineering,Area8,"properly, comfort, maintain, room, faculty",1,0,0,0,0,5,1,0
ComputerEngineering,Area8,"plan, stakeholder, escape, safety, visibly",0,0,0,0,0,5,1,0
ComputerEngineering,Area8,"storage, strategically, locate, training, athletics",0,1,0,0,0,5,1,0
ComputerEngineering,Area8,"clientele, soon, possible, alarm, installment",0,0,0,0,0,5,1,0
ComputerEngineering,Area8,"visible, make, secure, certificate, occupancy",0,0,0,0,0,5,2,0
ComputerEngineering,Area8,"provide, additional, building, administration, facility",0,1,0,0,0,5,1,0
ComputerEngineering,Area8,"locator, location, different, site, indicate",0,0,0,0,0,5,1,0
ComputerEngineering,Area8,"flood, rain, reduce, corridor, construction",0,0,1,0,0,5,1,0
ComputerEngineering,Area8,"conduct, drill, earthquake, semester, college",0,0,1,0,0,5,1,0
ComputerEngineering,Area8,"extinguisher, university, personnel, regular, orientation",0,0,0,0,0,5,1,0
ComputerEngineering,Area8,"vandalism, wall, desirable, properly, class",0,0,0,0,0,5,1,0
ComputerEngineering,Area9,"training, filing, validity, assure, lecture",0,0,0,0,0,5,1,0
ComputerEngineering,Area9,"inventory, ensure, easy, encourage, process",0,0,0,0,0,5,1,0
ComputerEngineering,Area9,"appearance, navigation, supply, equipment, laboratory",0,0,0,0,0,5,1,0
ComputerEngineering,Area9,"list, retrieval, cod, label, make",0,0,0,0,0,5,1,0
ComputerEngineering,Area9,"highly, compliance, accomplish, say, document",0,0,0,0,0,5,1,0
ComputerEngineering,Area9,"posslble, focus, member, lnstruction, laboratory",1,0,0,0,0,5,1,0
ComputerEngineering,Area9,"earthquake, budget, permit, student, laboratory",1,0,0,0,0,5,1,0
ComputerEngineering,Area9,"thing, principle, apply, order, place",0,0,0,0,0,5,1,0
ComputerEngineering,Area9,"measure, readable, precautionary, visibly, document",0,0,0,0,0,5,1,0
ComputerEngineering,Area9,"consider, license, ln, belng, utilized",1,0,0,0,0,5,1,0
ComputerEngineering,Area9,"purchase, program, need, encourage, immediate",0,0,0,0,0,5,1,0
ComputerEngineering,Area9,"additional, proper, laboratory, administration, equipment",0,1,0,0,0,5,1,0
ComputerEngineering,Area9,"accommodate, consideration, additional, laboratory, room",0,1,0,0,0,5,1,0
ComputerEngineering,Area9,"donate, end, ensure, safe, user",0,1,0,0,0,5,1,0
ComputerEngineering,Area9,"safekeeping, handle, necessary, art, efficiency",0,1,0,0,0,5,1,0
ComputerEngineering,Area9,"conform, ched, arrange, observance, workspace",0,0,0,0,0,5,1,0
ComputerEngineering,Area9,"drill, fight, evacuation, regular, employee",0,0,0,0,0,5,1,0
ComputerEngineering,Area9,"medicine, equip, kit, essential, manual",0,0,0,0,0,5,1,0
ComputerEngineering,Area9,"andor, computer, repair, hire, laboratory",0,0,1,0,0,5,1,0
ComputerEngineering,Area9,"toolsdevices, equipmentdevices, allied, reproduce, additional",0,0,1,0,0,5,1,0
DevelopmentCommunication,Area1,"final, poster, copy, revise, consistently",0,0,0,0,0,5,3,0
DevelopmentCommunication,Area1,"poster, copy, consistently, revise, document",0,0,0,0,0,5,1,0
DevelopmentCommunication,Area1,"final, poster, copy, revise, consistently",0,0,0,0,0,5,3,0
DevelopmentCommunication,Area1,"weeklymonthly, grassroots, facilitate, dissemination, wider",0,0,0,0,0,5,1,0
DevelopmentCommunication,Area1,"final, poster, copy, revise, consistently",0,0,0,0,0,5,3,0
DevelopmentCommunication,Area1,"result, start, consider, program, serve",1,0,0,0,0,5,4,0
DevelopmentCommunication,Area1,"start, analyze, submit, acceptability, survey",0,0,0,0,0,5,2,0
DevelopmentCommunication,Area1,"feedbacking, employability, study, tracer, threat",0,0,0,0,0,5,2,0
DevelopmentCommunication,Area1,"regular, achieve, outcome, alumnus, feedback",0,0,0,0,0,5,2,0
DevelopmentCommunication,Area1,"result, start, consider, program, serve",1,0,0,0,0,5,4,0
DevelopmentCommunication,Area10,"enforce, establish, implementation, monitoring, plan",0,0,0,0,0,5,4,0
DevelopmentCommunication,Area10,"enforce, establish, implementation, monitoring, plan",0,0,0,0,0,5,4,0
DevelopmentCommunication,Area10,"enforce, establish, implementation, monitoring, plan",0,0,0,0,0,5,4,0
DevelopmentCommunication,Area10,"enforce, establish, implementation, monitoring, plan",0,0,0,0,0,5,4,0
DevelopmentCommunication,Area10,"faculty, planning, process, stakeholder, student",0,0,0,0,0,5,1,0
DevelopmentCommunication,Area10,"annually, determine, study, tracer, administration",1,0,0,0,0,5,2,0
DevelopmentCommunication,Area10,"annually, determine, study, tracer, administration",1,0,0,0,0,5,2,0
DevelopmentCommunication,Area10,"facility, instructional, equipment, student, graduate",1,0,0,0,0,5,1,0
DevelopmentCommunication,Area10,"department, station, devcom, manage, want",0,0,0,0,0,5,2,0
DevelopmentCommunication,Area10,"fourfold, extension, comprehensive, program, include",0,0,0,0,0,5,2,0
DevelopmentCommunication,Area2,"foster, organization, growth, membership, faculty",0,0,0,0,0,5,2,0
DevelopmentCommunication,Area2,"development, functional, implement, program, faculty",0,0,0,0,0,5,1,0
DevelopmentCommunication,Area2,"overload, ensure, service, time, payment",0,0,0,0,0,5,1,0
DevelopmentCommunication,Area2,"growth, society, foster, encourage, professional",0,0,0,0,0,5,1,0
DevelopmentCommunication,Area2,"foster, organization, growth, membership, faculty",0,0,0,0,0,5,2,0
DevelopmentCommunication,Area2,"number, measure, maximum, quality, preparation",0,0,0,0,0,5,1,0
DevelopmentCommunication,Area2,"result, conduct, basis, encourage, research",1,0,0,0,0,5,1,0
DevelopmentCommunication,Area2,"enrich, date, aid, follow, varied",0,0,0,0,0,5,1,0
DevelopmentCommunication,Area2,"center, matter, evidence, program, coverage",0,0,0,0,0,5,1,0
DevelopmentCommunication,Area2,"equalize, measure, quality, teacher, instruction",1,0,0,0,0,5,1,0
DevelopmentCommunication,Area3,"community, impact, communication, development, program",0,0,0,0,0,5,1,0
DevelopmentCommunication,Area3,"seminar, thesis, major, recent, subject",0,0,0,0,0,5,1,0
DevelopmentCommunication,Area3,"offering, require, relevance, student, curriculum",0,0,0,0,0,5,2,0
DevelopmentCommunication,Area3,"offering, require, relevance, student, curriculum",0,0,0,0,0,5,2,0
DevelopmentCommunication,Area3,"update, make, alumnus, stakeholder, need",0,0,0,0,0,5,1,0
DevelopmentCommunication,Area3,"course, improve, major, student, bsdc",0,0,0,0,0,5,1,0
DevelopmentCommunication,Area3,"member, faculty, textbook, manual, encourage",0,0,0,0,0,5,1,0
DevelopmentCommunication,Area3,"proficiency, course, date, syllabus, oral",0,0,0,0,0,5,1,0
DevelopmentCommunication,Area3,"intelligence, multiple, help, process, program",0,0,0,0,0,5,1,0
DevelopmentCommunication,Area3,"nongovernmental, involve, stake, active, particularly",0,0,0,0,0,5,1,0
DevelopmentCommunication,Area4,"improvement, active, directory, support, university",0,0,0,0,0,5,1,0
DevelopmentCommunication,Area4,"designate, seminar, official, personnel, attend",0,0,0,0,0,5,1,0
DevelopmentCommunication,Area4,"grant, housing, scholar, privilege, consider",1,0,0,0,1,5,1,0
DevelopmentCommunication,Area4,"alumnus, service, university, program, student",0,0,0,0,0,5,1,0
DevelopmentCommunication,Area4,"monitor, evaluate, student, guidance, service",0,0,0,0,0,5,1,0
DevelopmentCommunication,Area4,"inputcounselling, transmit, provide, test, psychological",0,0,0,0,0,5,1,0
DevelopmentCommunication,Area4,"office, priority, dean, counsel, student",0,0,0,0,0,5,1,0
DevelopmentCommunication,Area4,"chair, attend, advise, monitoring, academic",0,0,0,0,0,5,1,0
DevelopmentCommunication,Area4,"information, serve, departmental, student, venue",0,0,0,0,0,5,1,0
DevelopmentCommunication,Area4,"facility, function, cope, consider, study",1,0,0,0,0,5,1,0
DevelopmentCommunication,Area5,"department, work, involve, encourage, member",0,0,0,0,0,5,1,0
DevelopmentCommunication,Area5,"agency, strengthen, local, potential, linkage",0,0,0,0,0,5,1,0
DevelopmentCommunication,Area5,"department, level, journal, publish, research",0,0,0,0,0,5,1,0
DevelopmentCommunication,Area5,"progress, prepare, plan, school, year",0,0,0,0,0,5,1,0
DevelopmentCommunication,Area5,"attend, law, seminar, ipr, student",0,0,0,0,0,5,1,0
DevelopmentCommunication,Area5,"program, effective, consider, encourage, research",1,0,0,0,0,5,2,0
DevelopmentCommunication,Area5,"program, effective, consider, encourage, research",1,0,0,0,0,5,2,0
DevelopmentCommunication,Area5,"base, review, selection, instrument, document",0,0,0,0,0,5,1,0
DevelopmentCommunication,Area5,"national, result, international, local, publication",0,0,0,0,0,5,1,0
DevelopmentCommunication,Area5,"present, manifest, degree, clearly, additional",1,0,0,0,0,5,1,0
DevelopmentCommunication,Area6,"incentive, involvement, extension, activity, barangay",0,0,0,0,0,5,1,0
DevelopmentCommunication,Area6,"member, project, community, department, extension",0,0,0,0,0,5,1,0
DevelopmentCommunication,Area6,"determine, instrument, formulation, impact, immediate",0,0,0,0,0,5,1,0
DevelopmentCommunication,Area6,"dialect, brochure, techno, preparation, involve",0,0,0,0,0,5,1,0
DevelopmentCommunication,Area6,"service, station, fund, permit, office",0,0,0,0,0,5,1,0
DevelopmentCommunication,Area6,"evaluation, package, document, completely, extension",0,0,0,0,0,5,2,0
DevelopmentCommunication,Area6,"extension, office, provide, spacious, director",0,0,0,0,0,5,1,0
DevelopmentCommunication,Area6,"disseminate, budget, allot, institutional, workplace",0,0,0,0,0,5,1,0
DevelopmentCommunication,Area6,"evaluation, package, document, completely, extension",0,0,0,0,0,5,2,0
DevelopmentCommunication,Area6,"evaluation, come, package, document, completely",0,0,0,0,0,5,1,0
DevelopmentCommunication,Area7,"additional, subscription, collection, relevant, current",0,0,0,0,0,5,3,0
DevelopmentCommunication,Area7,"reinforce, allows, serial, additional, subscription",0,0,0,0,0,5,1,0
DevelopmentCommunication,Area7,"demand, book, meet, recommend, highly",0,0,0,0,0,5,1,0
DevelopmentCommunication,Area7,"additional, subscription, collection, relevant, current",0,0,0,0,0,5,3,0
DevelopmentCommunication,Area7,"additional, subscription, collection, relevant, current",0,0,0,0,0,5,3,0
DevelopmentCommunication,Area7,"enhance, library, continuously, collection, filipiniana",0,0,0,0,0,5,2,0
DevelopmentCommunication,Area7,"learn, instal, conducive, airconditioning, place",0,0,0,0,0,5,2,0
DevelopmentCommunication,Area7,"setup, consider, maximize, curricular, offering",1,0,0,0,0,5,2,0
DevelopmentCommunication,Area7,"material, general, care, preservation, welfare",1,0,0,0,0,5,2,0
DevelopmentCommunication,Area7,"area, continuously, collection, enhance, library",0,0,0,0,0,5,2,0
DevelopmentCommunication,Area8,"especially, office, student, room, provide",1,0,0,0,1,5,1,0
DevelopmentCommunication,Area8,"control, old, pest, inspection, building",0,0,0,0,0,5,1,0
DevelopmentCommunication,Area8,"studentsteacherspersonnel, kit, document, line, aid",0,0,0,0,0,5,1,0
DevelopmentCommunication,Area8,"checked, properly, potability, periodically, water",0,0,0,0,0,5,1,0
DevelopmentCommunication,Area8,"preserve, guidance, advice, confidentiality, consultation",0,0,0,0,0,5,1,0
DevelopmentCommunication,Area8,"size, continuous, continue, college, conducive",0,0,0,0,0,5,1,0
DevelopmentCommunication,Area8,"plan, install, map, entrance, main",0,0,0,0,0,5,1,0
DevelopmentCommunication,Area8,"place, room, building, repair, window",1,0,0,0,0,5,1,0
DevelopmentCommunication,Area8,"entrance, room, make, place, building",1,0,0,0,0,5,1,0
DevelopmentCommunication,Area8,"llokandia, book, artifact, museo, library",0,0,0,0,0,5,1,0
DevelopmentCommunication,Area9,"guide, document, secure, maintain, laboratory",0,0,0,0,0,5,3,0
DevelopmentCommunication,Area9,"tubesoutlets, right, user, laboratory, cause",0,0,0,0,0,5,1,0
DevelopmentCommunication,Area9,"guide, document, secure, maintain, laboratory",0,0,0,0,0,5,3,0
DevelopmentCommunication,Area9,"guide, document, secure, maintain, laboratory",0,0,0,0,0,5,3,0
DevelopmentCommunication,Area9,"help, student, facility, trimedia, practice",0,0,0,0,0,5,1,0
DevelopmentCommunication,Area9,"budget, bsdc, art, specifically, warrant",1,0,0,0,0,5,4,0
DevelopmentCommunication,Area9,"art, purchase, consider, administration, university",1,0,0,0,0,5,1,0
DevelopmentCommunication,Area9,"budget, bsdc, art, specifically, warrant",1,0,0,0,0,5,4,0
DevelopmentCommunication,Area9,"budget, bsdc, art, specifically, warrant",1,0,0,0,0,5,4,0
DevelopmentCommunication,Area9,"budget, bsdc, art, specifically, warrant",1,0,0,0,0,5,4,0
EnvironmentScience,Area1,"ensure, incorporate, include, vmgos, course",0,0,0,0,0,5,1,0
EnvironmentScience,Area1,"ensure, possible, cover, review, thorough",0,0,0,0,0,5,3,0
EnvironmentScience,Area1,"ensure, possible, cover, review, thorough",0,0,0,0,0,5,3,0
EnvironmentScience,Area1,"ensure, possible, cover, review, thorough",0,0,0,0,0,5,3,0
EnvironmentScience,Area1,"make, wider, stakeholder, study, concerned",0,0,0,0,0,5,1,0
EnvironmentScience,Area10,"clearly, office, function, define, head",0,0,0,0,0,5,3,0
EnvironmentScience,Area10,"plan, development, personnel, update, regular",0,0,0,0,0,5,3,0
EnvironmentScience,Area10,"update, faculty, implementation, plan, development",0,0,0,0,0,5,6,0
EnvironmentScience,Area10,"work, implementation, development, plan, monitoring",0,0,0,0,0,5,3,0
EnvironmentScience,Area10,"update, faculty, implementation, plan, development",0,0,0,0,0,5,6,0
EnvironmentScience,Area2,"linkage, search, update, professional, establish",0,0,0,0,0,5,1,0
EnvironmentScience,Area2,"load, teach, hour, encourage, faculty",0,0,0,0,0,5,1,0
EnvironmentScience,Area2,"meeting, equivalent, review, deliberate, faculty",0,0,0,0,0,5,1,0
EnvironmentScience,Area2,"activity, reference, easy, indicate, consultation",0,0,0,0,0,5,1,0
EnvironmentScience,Area2,"come, faculty, various, college, graduate",0,0,0,0,0,5,1,0
EnvironmentScience,Area3,"learn, reputable, linkage, academic, association",0,0,0,0,0,5,1,0
EnvironmentScience,Area3,"guideline, review, instructional, material, committee",0,0,0,0,0,5,1,0
EnvironmentScience,Area3,"prepare, fund, require, course, make",0,0,0,0,0,5,1,0
EnvironmentScience,Area3,"room, cum, student, faculty, department",0,0,0,0,0,5,1,0
EnvironmentScience,Area3,"material, consultation, activity, help, member",0,0,0,0,0,5,1,0
EnvironmentScience,Area4,"provision, big, allot, space, office",0,0,0,0,0,5,2,0
EnvironmentScience,Area4,"counselor, efficient, aideclerk, effective, test",0,0,0,0,0,5,2,0
EnvironmentScience,Area4,"encourage, college, follow, facilitate, evaluation",0,0,0,0,0,5,2,0
EnvironmentScience,Area4,"revive, paper, ptca, organize, ca",0,0,0,0,0,5,2,0
EnvironmentScience,Area4,"nook, order, counsel, privacy, avail",0,0,0,0,0,5,2,0
EnvironmentScience,Area5,"importance, recourse, generation, linkaging, external",0,0,0,0,0,5,1,0
EnvironmentScience,Area5,"generation, linkaging, external, research, activity",0,0,0,0,0,5,1,0
EnvironmentScience,Area5,"mean, generate, explore, output, income",0,0,0,0,0,5,1,0
EnvironmentScience,Area5,"committee, fund, college, purpose, allocate",0,0,0,0,0,5,1,0
EnvironmentScience,Area5,"facility, conduct, basic, laboratory, upgrade",0,0,0,0,0,5,1,0
EnvironmentScience,Area6,"monitoring, extension, document, program, activity",0,0,0,0,0,5,2,0
EnvironmentScience,Area6,"limited, exhibit, evaluate, area, accreditation",0,0,0,0,0,5,1,0
EnvironmentScience,Area6,"need, monitoring, program, activity, extension",0,0,0,0,0,5,1,0
EnvironmentScience,Area6,"person, project, regular, activity, program",0,0,0,0,0,5,1,0
EnvironmentScience,Area6,"monitoring, extension, document, program, activity",0,0,0,0,0,5,2,0
EnvironmentScience,Area7,"current, seminar, workshop, staff, library",0,0,0,0,0,5,4,0
EnvironmentScience,Area7,"simple, support, hire, assistant, student",0,0,0,0,0,5,8,0
EnvironmentScience,Area7,"develop, collegesuniversitys, adequate, quantity, necessary",0,0,0,0,0,5,4,0
EnvironmentScience,Area7,"simple, support, hire, assistant, student",0,0,0,0,0,5,8,0
EnvironmentScience,Area7,"online, college, various, effective, information",0,0,0,0,0,5,4,0
EnvironmentScience,Area8,"appreciable, lavatory, university, inform, drinking",0,0,0,0,0,5,1,0
EnvironmentScience,Area8,"classroom, room, extinguisher, available, student",0,0,0,0,0,5,1,0
EnvironmentScience,Area8,"pattern, connection, light, installation, wiring",0,0,0,0,0,5,1,0
EnvironmentScience,Area8,"university, proper, institution, program, pest",0,0,0,0,0,5,1,0
EnvironmentScience,Area8,"law, laboratory, emergency, water, easy",0,0,0,0,0,5,1,0
EnvironmentScience,Area9,"open, door, outward, exercise, water",0,0,0,0,0,5,2,0
EnvironmentScience,Area9,"store, work, laboratory, additional, room",0,0,0,0,0,5,2,0
EnvironmentScience,Area9,"make, instal, accessible, laboratory, room",0,0,0,0,0,5,2,0
EnvironmentScience,Area9,"student, additional, laboratory, college, make",0,0,0,0,0,5,2,0
EnvironmentScience,Area9,"teach, faculty, manual, encourage, knowledge",0,0,0,0,0,5,2,0
EnvironmentalScience,Area1,"make, conduct, study, determine, influence",1,0,0,0,0,5,6,0
EnvironmentalScience,Area1,"understand, acceptability, determine, conduct, study",1,0,0,0,0,5,3,0
EnvironmentalScience,Area1,"make, conduct, study, determine, influence",1,0,0,0,0,5,6,0
EnvironmentalScience,Area1,"new, dissemination, jingle, retention, play",0,0,0,0,0,5,3,0
EnvironmentalScience,Area1,"educational, mission, legal, mmsu, graduate",0,0,0,0,0,5,3,0
EnvironmentalScience,Area10,"easily, systematic, office, retrieve, need",0,0,0,0,0,5,1,0
EnvironmentalScience,Area10,"teach, include, excess, time, preparation",0,0,0,0,0,5,1,0
EnvironmentalScience,Area10,"counterpart, support, attach, pertinent, comprehensive",0,0,0,0,0,5,1,0
EnvironmentalScience,Area10,"operation, allocation, budget, college, provide",0,0,0,0,0,5,1,0
EnvironmentalScience,Area10,"evaluate, development, shortand, policy, activity",0,0,0,0,0,5,1,0
EnvironmentalScience,Area2,"production, encourage, member, relevant, faculty",0,0,0,0,0,5,2,0
EnvironmentalScience,Area2,"attend, punctuality, ensure, monitoring, university",1,0,0,0,0,5,1,0
EnvironmentalScience,Area2,"field, encourage, teach, work, faculty",1,0,0,0,0,5,1,0
EnvironmentalScience,Area2,"production, encourage, member, relevant, faculty",0,0,0,0,0,5,2,0
EnvironmentalScience,Area2,"base, material, knowledge, class, student",1,0,0,0,0,5,1,0
EnvironmentalScience,Area3,"participation, academe, obtain, plan, development",0,0,0,0,0,5,1,0
EnvironmentalScience,Area3,"material, instructional, properly, laboratory, encourage",1,0,0,0,0,5,1,0
EnvironmentalScience,Area3,"laboratory, properly, label, specimen, preserve",1,0,0,0,0,5,1,0
EnvironmentalScience,Area3,"revisit, sequence, continuous, prerequisite, subject",0,0,0,0,0,5,1,0
EnvironmentalScience,Area3,"effective, material, instructional, manual, faculty",1,0,0,0,0,5,1,0
EnvironmentalScience,Area4,"properly, label, document, folder, file",0,0,0,0,0,5,2,0
EnvironmentalScience,Area4,"student, highly, documentation, recommend, activity",0,0,0,0,0,5,2,0
EnvironmentalScience,Area4,"highly, label, properly, need, student",0,0,0,0,0,5,2,0
EnvironmentalScience,Area4,"information, provide, social, educational, occupational",0,0,0,0,0,5,2,0
EnvironmentalScience,Area4,"guidance, cater, additional, counselor, faculty",1,0,0,0,0,5,2,0
EnvironmentalScience,Area5,"sustain, linkage, research, activity, plan",0,0,0,0,0,5,1,0
EnvironmentalScience,Area5,"refereed, publish, journal, international, local",0,0,0,0,0,5,1,0
EnvironmentalScience,Area5,"extension, output, institutional, instruction, utilized",1,0,0,0,0,5,1,0
EnvironmentalScience,Area5,"commercialize, technology, submit, patent, generate",0,0,0,0,0,5,1,0
EnvironmentalScience,Area5,"process, improve, content, action, research",0,0,0,0,0,5,1,0
EnvironmentalScience,Area6,"recommend, cleanliness, classroom, orderliness, maintenance",1,0,0,0,0,5,1,0
EnvironmentalScience,Area6,"analysis, item, document, record, properly",0,0,0,0,0,5,1,0
EnvironmentalScience,Area6,"definite, monitoring, service, provide, extension",0,0,0,0,0,5,1,0
EnvironmentalScience,Area6,"update, chairman, tos, examination, require",0,0,0,0,0,5,1,0
EnvironmentalScience,Area6,"preserve, instructional, label, material, specimen",1,0,0,0,0,5,1,0
EnvironmentalScience,Area7,"late, newsletter, service, access, library",0,0,0,0,0,5,2,0
EnvironmentalScience,Area7,"duly, operation, manual, comprehensive, widely",0,0,0,0,0,5,2,0
EnvironmentalScience,Area7,"promotes, resource, acquisition, program, library",0,0,0,0,0,5,4,0
EnvironmentalScience,Area7,"field, evaluate, copy, resource, professional",0,0,0,0,0,5,1,0
EnvironmentalScience,Area7,"promotes, resource, acquisition, program, library",0,0,0,0,0,5,4,0
EnvironmentalScience,Area8,"recommend, plaster, newly, finish, wing",0,0,0,0,0,5,1,0
EnvironmentalScience,Area8,"require, operate, recovery, material, facility",1,0,0,0,0,5,1,0
EnvironmentalScience,Area8,"completion, room, properly, maintain, comfort",1,0,0,0,0,5,1,0
EnvironmentalScience,Area8,"canteen, new, budget, accommodate, faculty",1,0,0,0,0,5,1,0
EnvironmentalScience,Area8,"instal, provide, inside, person, facility",0,0,0,0,0,5,1,0
EnvironmentalScience,Area9,"department, order, thing, apply, principle",0,0,0,0,0,5,1,0
EnvironmentalScience,Area9,"stockroom, supply, chemical, free, place",1,0,0,0,0,5,1,0
EnvironmentalScience,Area9,"drill, regular, earthquake, conduct, laboratory",1,0,0,0,0,5,1,0
EnvironmentalScience,Area9,"laboratory, department, warrant, post, equipment",1,0,0,0,0,5,1,0
EnvironmentalScience,Area9,"hire, function, focus, technician, faculty",0,0,0,0,0,5,1,0
Language,Area1,"study, indicate, area, wider, vmgos",0,0,0,0,0,5,3,0
Language,Area1,"translation, version, llocano, correct, need",0,0,0,0,0,5,1,0
Language,Area1,"study, indicate, area, wider, vmgos",0,0,0,0,0,5,3,0
Language,Area1,"discussion, syllabus, introductory, integral, course",0,0,0,0,0,5,1,0
Language,Area1,"study, indicate, area, wider, vmgos",0,0,0,0,0,5,3,0
Language,Area1,"student, faculty, consult, process, consider",1,0,0,0,0,5,3,0
Language,Area1,"student, faculty, consult, process, consider",1,0,0,0,0,5,3,0
Language,Area1,"college, ca, baes, possible, year",0,0,0,0,0,5,1,0
Language,Area1,"student, faculty, consult, process, consider",1,0,0,0,0,5,3,0
Language,Area1,"consider, consult, process, revise, stakeholder",1,0,0,0,0,5,1,0
Language,Area1,"program, objective, college, art, consider",0,1,0,0,0,5,1,0
Language,Area1,"program, objective, statement, graduate, competency",0,0,0,0,0,5,2,0
Language,Area1,"especially, version, filipino, produce, people",0,0,0,0,0,5,1,0
Language,Area1,"program, objective, statement, graduate, competency",0,0,0,0,0,5,2,0
Language,Area1,"process, look, management, inclusion, abel",0,0,0,0,0,5,1,0
Language,Area10,"clearly, office, function, define, head",0,0,0,0,0,5,3,0
Language,Area10,"plan, development, personnel, update, regular",0,0,0,0,0,5,3,0
Language,Area10,"update, faculty, implementation, plan, development",0,0,0,0,0,5,6,0
Language,Area10,"work, implementation, development, plan, monitoring",0,0,0,0,0,5,3,0
Language,Area10,"update, faculty, implementation, plan, development",0,0,0,0,0,5,6,0
Language,Area10,"university, policy, strictly, implement, observe",0,0,0,0,0,5,1,0
Language,Area10,"project, organize, faculty, student, manual",0,0,0,0,0,5,1,0
Language,Area10,"prepare, articulation, program, undergraduate, vertical",0,0,0,0,0,5,1,0
Language,Area10,"dean, university, review, organizational, structure",0,0,0,0,0,5,1,0
Language,Area10,"multimedia, request, projector, additional, lcd",1,0,0,0,0,5,1,0
Language,Area10,"annual, dissemination, finalization, report, year",0,0,0,0,0,5,1,0
Language,Area10,"research, administrative, university, priority, manual",0,0,0,0,0,5,1,0
Language,Area10,"preparation, participation, encourage, representative, active",0,0,0,0,0,5,1,0
Language,Area10,"concerned, evaluate, relevant, legible, document",0,0,0,0,0,5,1,0
Language,Area10,"update, student, faculty, consider, administration",0,1,0,0,0,5,1,0
Language,Area2,"indicate, instructor, easy, reference, consultation",0,0,0,0,0,5,1,0
Language,Area2,"graduate, class, relevant, course, complete",0,0,0,0,0,5,1,0
Language,Area2,"activity, member, university, encourage, faculty",0,0,0,0,0,5,1,0
Language,Area2,"seminar, inservice, art, science, department",0,0,0,0,0,5,1,0
Language,Area2,"faculty, orderly, make, file, presentable",0,0,0,0,0,5,1,0
Language,Area2,"instructional, material, prepare, faculty, member",1,0,0,0,0,5,1,0
Language,Area2,"publishing, publish, provide, mean, research",0,0,0,0,0,5,1,0
Language,Area2,"faculty, member, properly, accreditation, document",0,0,0,0,0,5,1,0
Language,Area2,"member, encourage, include, teach, ict",0,0,0,0,0,5,1,0
Language,Area2,"conference, far, workshop, sent, attend",0,0,0,0,0,5,1,0
Language,Area2,"faculty, portfolio, prepare, motivate, individual",0,0,0,0,0,5,1,0
Language,Area2,"member, faculty, productionrelated, document, activity",0,0,0,0,0,5,1,0
Language,Area2,"productionrelated, document, activity, member, faculty",0,0,0,0,0,5,2,0
Language,Area2,"consultation, assignment, related, research, workload",0,0,0,0,0,5,1,0
Language,Area2,"productionrelated, document, activity, member, faculty",0,0,0,0,0,5,2,0
Language,Area3,"parent, head, yield, curriculum, participation",0,0,0,0,0,5,1,0
Language,Area3,"consortium, exchange, journal, instructional, material",1,0,0,0,1,5,1,0
Language,Area3,"impactrelevance, feedback, study, tracer, extract",0,0,0,0,0,5,1,0
Language,Area3,"religious, picture, print, saying, serve",0,0,0,0,0,5,1,0
Language,Area3,"produce, learn, review, faculty, teach",0,0,0,0,0,5,1,0
Language,Area3,"proof, specific, comply, standard, statement",0,0,0,0,0,5,1,0
Language,Area3,"properly, package, ease, document, evaluation",0,0,0,0,0,5,1,0
Language,Area3,"indicate, format, syllabus, material, instructional",1,0,0,0,0,5,1,0
Language,Area3,"number, minimum, approximate, esl, unit",0,0,0,0,0,5,1,0
Language,Area3,"enrollment, turn, graduate, continue, specialization",0,0,0,0,0,5,1,0
Language,Area3,"outcome, comment, write, faculty, observation",0,0,0,0,0,5,1,0
Language,Area3,"explore, sufficient, member, faculty, activity",0,0,0,0,0,5,1,0
Language,Area3,"information, program, conduct, evaluation, faculty",0,1,0,0,0,5,1,0
Language,Area3,"title, grade, student, syllabus, course",0,0,0,0,0,5,1,0
Language,Area3,"supply, intensive, provide, different, document",0,1,0,0,0,5,1,0
Language,Area4,"provision, big, ca, organize, ptca",0,0,0,0,0,5,1,0
Language,Area4,"student, separate, service, test, provide",0,0,0,0,0,5,1,0
Language,Area4,"college, parent, participate, activity, encourage",0,0,0,0,0,5,1,0
Language,Area4,"document, improve, future, evaluation, facilitate",0,0,0,0,0,5,1,0
Language,Area4,"counselor, effective, function, aideclerk, efficient",0,0,0,0,0,5,1,0
Language,Area4,"involvement, provide, active, student, alumnus",0,0,0,0,0,5,1,0
Language,Area4,"communication, college, build, open, worthy",0,0,0,0,0,5,1,0
Language,Area4,"analysis, demand, combine, employability, alumnus",0,0,0,0,0,5,1,0
Language,Area4,"important, assistant, efficientlyeffectively, personnel, university",0,0,0,0,0,5,1,0
Language,Area4,"enrolment, database, monitoring, program, include",0,0,0,0,0,5,1,0
Language,Area4,"encourage, evaluation, improvement, program, regular",0,0,0,0,0,5,1,0
Language,Area4,"improvement, program, regular, activity, student",0,0,0,0,0,5,3,0
Language,Area4,"improvement, program, regular, activity, student",0,0,0,0,0,5,3,0
Language,Area4,"activity, student, alumnus, arrange, involvement",0,0,0,0,0,5,1,0
Language,Area4,"improvement, program, regular, activity, student",0,0,0,0,0,5,3,0
Language,Area5,"participation, sustain, increase, faculty, activity",0,0,0,0,0,5,1,0
Language,Area5,"output, conduct, highly, recommend, research",1,1,0,0,1,5,1,1
Language,Area5,"local, thesisresearch, seminar, come, write",0,0,0,0,0,5,1,0
Language,Area5,"personally, college, forum, fund, include",0,0,0,0,0,5,1,0
Language,Area5,"survey, agency, establish, exchange, exist",0,0,0,0,0,5,1,0
Language,Area5,"forum, seminar, conduct, research, complete",1,1,0,0,1,5,2,1
Language,Area5,"local, international, researcher, encourage, not_only",0,0,0,0,0,5,1,0
Language,Area5,"publication, regularly, research, thesis, write",0,0,0,0,0,5,1,0
Language,Area5,"forum, seminar, conduct, research, complete",1,1,0,0,1,5,2,1
Language,Area5,"conduct, forum, member, research, faculty",1,1,0,0,1,5,1,1
Language,Area5,"suggest, make, instruction, conduct, research",1,1,0,0,0,5,1,1
Language,Area5,"new, fund, furniture, printer, lcd",0,0,0,0,0,5,1,0
Language,Area5,"suggest, teach, improvement, especially, research",0,0,0,0,0,5,2,0
Language,Area5,"benchmark, not_necessary, pertain, kindly, document",0,0,0,0,0,5,1,0
Language,Area5,"suggest, teach, improvement, especially, research",0,0,0,0,0,5,2,0
Language,Area6,"guideline, plan, properly, manual, extension",0,0,0,0,0,5,1,0
Language,Area6,"accreditation, document, activity, program, extension",0,0,0,0,0,5,1,0
Language,Area6,"program, person, involve, evaluation, regular",0,0,0,0,0,5,1,0
Language,Area6,"program, devise, suit, need, monitoring",0,0,0,0,0,5,1,0
Language,Area6,"exhibit, area, limited, pertinent, accreditation",0,0,0,0,0,5,1,0
Language,Area6,"regular, evaluation, monitoring, devise, implementation",0,0,0,0,0,5,1,0
Language,Area6,"additional, extension, program, undertaken, activity",1,0,0,0,0,5,1,0
Language,Area6,"provide, exist, sustainability, mobile, unit",1,0,0,0,0,5,1,0
Language,Area6,"regular, activity, provide, program, extension",0,0,0,0,0,5,2,0
Language,Area6,"regular, activity, provide, program, extension",0,0,0,0,0,5,2,0
Language,Area6,"encourage, mobile, evaluation, program, conduct",0,1,0,0,0,5,3,0
Language,Area6,"encourage, mobile, evaluation, program, conduct",0,1,0,0,0,5,3,0
Language,Area6,"different, barangay, need, evaluation, activity",0,0,0,0,0,5,1,0
Language,Area6,"encourage, mobile, evaluation, program, conduct",0,1,0,0,0,5,3,0
Language,Area6,"encourage, mobile, provision, sustainability, program",0,0,0,0,0,5,1,0
Language,Area7,"perform, additional, activity, student, library",1,0,0,0,1,5,1,0
Language,Area7,"perform, additional, activity, library, staff",1,0,0,0,1,5,2,0
Language,Area7,"perform, additional, activity, library, staff",1,0,0,0,1,5,2,0
Language,Area7,"college, efficient, effective, provide, information",0,0,0,0,0,5,1,0
Language,Area7,"trend, update, attend, workshop, growth",0,0,0,0,0,5,1,0
Language,Area7,"suggest, light, facility, additional, acquire",1,0,0,0,0,5,1,0
Language,Area7,"functional, instal, make, resource, library",0,0,0,0,0,5,1,0
Language,Area7,"content, necessary, procedural, policy, write",1,0,0,0,0,5,1,0
Language,Area7,"complete, module, strongly, acquisition, maximize",1,0,0,0,0,5,1,0
Language,Area7,"color, furniture, building, term, refurbish",0,0,0,0,0,5,1,0
Language,Area7,"policy, contains, board, manual, library",0,0,0,0,0,5,1,0
Language,Area7,"english, language, professional, update, book",0,0,0,0,0,5,1,0
Language,Area7,"material, memo, no_series, enrol, library",0,1,0,0,0,5,3,0
Language,Area7,"material, memo, no_series, enrol, library",0,1,0,0,0,5,3,0
Language,Area7,"material, memo, no_series, enrol, library",0,1,0,0,0,5,3,0
Language,Area8,"building, protect, easy, student, pest",0,0,0,0,0,5,1,0
Language,Area8,"office, proper, instal, extinguisher, faculty",0,0,0,0,0,5,1,0
Language,Area8,"properly, wiring, university, student, need",0,0,0,0,0,5,1,0
Language,Area8,"highly, lesser, water, test, drinking",0,0,0,0,0,5,1,0
Language,Area8,"class, alternative, college, availability, water",0,0,0,0,0,5,1,0
Language,Area8,"continue, closely, construction, walk, connect",1,0,0,0,0,5,1,0
Language,Area8,"restroom, priority, green, college, projectsactivities",0,0,0,0,0,5,1,0
Language,Area8,"campus, instal, map, main, site",0,0,0,0,0,5,1,0
Language,Area8,"free, provision, potable, solution, workable",0,0,0,0,0,5,1,0
Language,Area8,"collection, disposal, recommend, segregation, classroom",0,0,0,0,0,5,1,0
Language,Area8,"building, area, water, university, campus",0,0,0,0,0,5,1,0
Language,Area8,"board, update, display, dorm, consider",0,1,0,0,0,5,1,0
Language,Area8,"facility, physical, periodic, inventory, systematic",0,0,0,0,0,5,1,0
Language,Area8,"replace, convenient, nonoperational, fan, orbit",0,0,0,0,0,5,1,0
Language,Area8,"condemn, store, furniture, nonserviceable, equipment",0,1,0,0,0,5,1,0
Language,Area9,"open, door, outward, exercise, water",0,0,0,0,0,5,2,0
Language,Area9,"store, work, laboratory, additional, room",1,0,0,0,1,5,2,0
Language,Area9,"make, instal, accessible, laboratory, room",1,1,0,0,1,5,2,1
Language,Area9,"student, additional, laboratory, college, make",0,0,0,0,0,5,2,0
Language,Area9,"teach, faculty, manual, encourage, knowledge",0,0,0,0,0,5,2,0
Language,Area9,"document, make, photocopy, clear, picture",0,0,0,0,0,5,1,0
Language,Area9,"maintenance, possible, charge, maintain, laboratory",1,0,0,0,0,5,1,0
Language,Area9,"faculty, operation, manual, work, laboratory",1,0,0,0,0,5,1,0
Language,Area9,"update, relevant, necessary, include, document",1,0,0,0,0,5,1,0
Language,Area9,"concerned, sign, authority, laboratory, document",1,1,0,0,1,5,1,1
Language,Area9,"abel, laboratory, science, sci, nat",1,1,0,0,0,5,1,1
Language,Area9,"refurbish, facility, continue, supply, equipment",0,1,0,0,0,5,1,0
Language,Area9,"room, time, include, faculty, laboratory",1,1,0,0,0,5,1,1
Language,Area9,"personnel, maintain, utility, emphasize, responsibility",0,0,0,0,0,5,1,0
Language,Area9,"drill, regular, facilitate, training, practice",0,1,0,0,0,5,1,0
Nursing,Area1,"participation, review, revision, stakeholder, statement",0,0,0,0,0,5,5,0
Nursing,Area1,"participation, review, revision, stakeholder, statement",0,0,0,0,0,5,5,0
Nursing,Area1,"participation, review, revision, stakeholder, statement",0,0,0,0,0,5,5,0
Nursing,Area1,"participation, review, revision, stakeholder, statement",0,0,0,0,0,5,5,0
Nursing,Area1,"participation, review, revision, stakeholder, statement",0,0,0,0,0,5,5,0
Nursing,Area1,"awareness, interpret, survey, tabulate, faculty",0,0,0,0,0,5,3,0
Nursing,Area1,"awareness, interpret, survey, tabulate, faculty",0,0,0,0,0,5,3,0
Nursing,Area1,"awareness, interpret, survey, tabulate, faculty",0,0,0,0,0,5,3,0
Nursing,Area1,"acceptability, conduct, stakeholder, student, study",1,0,0,0,0,5,1,0
Nursing,Area1,"analyze, awareness, interpret, survey, tabulate",0,0,0,0,0,5,1,0
Nursing,Area10,"faculty, relationship, unending, administration, student",0,0,0,0,0,5,1,0
Nursing,Area10,"personnel, improve, evaluation, result, performance",0,0,0,0,0,5,1,0
Nursing,Area10,"participation, budget, andfinancial, preparationallocation, unit",0,0,0,0,0,5,1,0
Nursing,Area10,"nonserviceable, serviceable, listing, report, equipment",1,0,0,0,1,5,1,0
Nursing,Area10,"nonserviceable, listing, report, document, provide",0,0,0,0,0,5,1,0
Nursing,Area10,"regent, board, approve, university, need",0,0,0,0,0,5,2,0
Nursing,Area10,"board, approve, university, handbook, student",0,0,0,0,0,5,1,0
Nursing,Area10,"regent, board, approve, university, need",0,0,0,0,0,5,2,0
Nursing,Area10,"dean, college, chart, revise, way",0,0,0,0,0,5,1,0
Nursing,Area10,"inventory, update, serviceable, equipment, nonserviceable",1,0,0,0,0,5,1,0
Nursing,Area2,"create, committee, capability, line, research",0,0,0,0,0,5,4,0
Nursing,Area2,"create, committee, capability, line, research",0,0,0,0,0,5,4,0
Nursing,Area2,"research, development, degree, need, faculty",0,0,0,0,0,5,1,0
Nursing,Area2,"create, committee, capability, line, research",0,0,0,0,0,5,4,0
Nursing,Area2,"create, committee, capability, line, research",0,0,0,0,0,5,4,0
Nursing,Area2,"ruling, overload, dbm, faculty, encourage",0,0,0,0,0,5,3,0
Nursing,Area2,"ruling, overload, dbm, faculty, encourage",0,0,0,0,0,5,3,0
Nursing,Area2,"dbm, degree, nursing, master, faculty",0,0,0,0,0,5,1,0
Nursing,Area2,"point, organization, nor_get, responsibility, professional",0,0,0,0,0,5,1,0
Nursing,Area2,"ruling, overload, dbm, faculty, encourage",0,0,0,0,0,5,3,0
Nursing,Area3,"date, award, analysis, tracer, tracked",0,0,0,0,0,5,4,0
Nursing,Area3,"date, award, analysis, tracer, tracked",0,0,0,0,0,5,4,0
Nursing,Area3,"date, award, analysis, tracer, tracked",0,0,0,0,0,5,4,0
Nursing,Area3,"date, award, analysis, tracer, tracked",0,0,0,0,0,5,4,0
Nursing,Area3,"analysis, include, tracked, student, syllabus",0,0,0,0,0,5,1,0
Nursing,Area3,"plan, sign, clinical, supervisor, dean",0,0,0,0,0,5,1,0
Nursing,Area3,"produce, procedure, student, manual, nursing",0,0,0,0,0,5,1,0
Nursing,Area3,"contain, conduct, component, school, year",1,0,0,0,0,5,1,0
Nursing,Area3,"faculty, material, instructional, develop, try",1,0,0,0,0,5,1,0
Nursing,Area3,"produce, procedure, manual, student, faculty",0,0,0,0,0,5,1,0
Nursing,Area4,"facility, equipment, conduct, necessary, need",0,0,0,0,0,5,4,0
Nursing,Area4,"facility, equipment, conduct, necessary, need",0,0,0,0,0,5,4,0
Nursing,Area4,"facility, equipment, conduct, necessary, need",0,0,0,0,0,5,4,0
Nursing,Area4,"facility, equipment, conduct, necessary, need",0,0,0,0,0,5,4,0
Nursing,Area4,"equipment, conduct, necessary, ssp, update",0,0,0,0,0,5,1,0
Nursing,Area4,"entertain, question, small, group, orientation",0,0,0,0,0,5,1,0
Nursing,Area4,"question, small, group, orientation, student",0,0,0,0,0,5,2,0
Nursing,Area4,"constraint, guidance, budgetary, peer, counselor",0,0,0,0,0,5,1,0
Nursing,Area4,"question, small, group, orientation, student",0,0,0,0,0,5,2,0
Nursing,Area4,"lessen, frequent, dialoguesconference, problem, trauma",0,0,0,0,0,5,1,0
Nursing,Area5,"engage, department, align, institution, stakeholder",0,0,0,0,0,5,4,0
Nursing,Area5,"align, formulation, need, agenda, research",0,0,0,0,0,5,1,0
Nursing,Area5,"engage, department, align, institution, stakeholder",0,0,0,0,0,5,4,0
Nursing,Area5,"engage, department, align, institution, stakeholder",0,0,0,0,0,5,4,0
Nursing,Area5,"engage, department, align, institution, stakeholder",0,0,0,0,0,5,4,0
Nursing,Area5,"center, highly, thesis, utilization, record",0,0,0,0,0,5,1,0
Nursing,Area5,"alumnus, increase, agenda, research, development",0,0,0,0,0,5,1,0
Nursing,Area5,"load, attention, signatory, document, verification",0,0,0,0,0,5,1,0
Nursing,Area5,"collaboration, action, encourage, subject, handle",1,0,0,0,0,5,1,0
Nursing,Area5,"implementation, memorandum, observe, issuance, policy",1,0,0,0,0,5,1,0
Nursing,Area6,"linkage, plan, program, raise, sustainable",0,0,0,0,0,5,4,0
Nursing,Area6,"linkage, plan, program, raise, sustainable",0,0,0,0,0,5,4,0
Nursing,Area6,"linkage, plan, program, raise, sustainable",0,0,0,0,0,5,4,0
Nursing,Area6,"linkage, plan, program, raise, sustainable",0,0,0,0,0,5,4,0
Nursing,Area6,"program, raise, sustainable, agency, extension",0,0,0,0,0,5,1,0
Nursing,Area6,"adopt, design, problem, need, research",0,0,0,0,0,5,1,0
Nursing,Area6,"undertaken, project, extension, community, program",0,0,0,0,0,5,2,0
Nursing,Area6,"systematic, planning, encourage, implementation, extension",0,0,0,0,0,5,1,0
Nursing,Area6,"undertaken, project, extension, community, program",0,0,0,0,0,5,2,0
Nursing,Area6,"program, extension, monitoring, project, make",0,0,0,0,0,5,1,0
Nursing,Area7,"resource, filipiniana, collection, material, textbook",0,0,0,0,0,5,2,0
Nursing,Area7,"resource, filipiniana, collection, material, textbook",0,0,0,0,0,5,2,0
Nursing,Area7,"chief, budget, pparticipants, preparation, provide",0,0,0,0,0,5,1,0
Nursing,Area7,"library, list, facility, complete, inventory",0,0,0,0,0,5,1,0
Nursing,Area7,"filipiniana, collection, resource, textbook, author",0,0,0,0,0,5,1,0
Nursing,Area7,"air, feasible, displayed, conditioning, deterioration",0,0,0,0,0,5,1,0
Nursing,Area7,"continue, program, conduct, staff, library",1,0,0,0,0,5,1,0
Nursing,Area7,"improve, month, especially, reading, ventilation",0,0,0,0,0,5,1,0
Nursing,Area7,"program, conduct, staff, area, collection",1,0,0,0,0,5,2,0
Nursing,Area7,"program, conduct, staff, area, collection",1,0,0,0,0,5,2,0
Nursing,Area8,"supply, occupancy, dormitory, secure, certificate",0,0,0,0,0,5,4,0
Nursing,Area8,"complete, center, inventory, supply, facility",0,0,0,0,0,5,1,0
Nursing,Area8,"supply, occupancy, dormitory, secure, certificate",0,0,0,0,0,5,4,0
Nursing,Area8,"supply, occupancy, dormitory, secure, certificate",0,0,0,0,0,5,4,0
Nursing,Area8,"supply, occupancy, dormitory, secure, certificate",0,0,0,0,0,5,4,0
Nursing,Area8,"partially, raise, university, utilization, way",0,0,0,0,0,5,4,0
Nursing,Area8,"university, utilization, way, building, fund",0,0,0,0,0,5,1,0
Nursing,Area8,"partially, raise, university, utilization, way",0,0,0,0,0,5,4,0
Nursing,Area8,"partially, raise, university, utilization, way",0,0,0,0,0,5,4,0
Nursing,Area8,"partially, raise, university, utilization, way",0,0,0,0,0,5,4,0
Nursing,Area9,"inventory, apparatus, cabinet, aid, laboratory",0,0,0,0,0,5,3,0
Nursing,Area9,"inventory, apparatus, cabinet, aid, laboratory",0,0,0,0,0,5,3,0
Nursing,Area9,"aid, complete, supply, kit, material",0,0,0,0,0,5,1,0
Nursing,Area9,"inventory, apparatus, cabinet, aid, laboratory",0,0,0,0,0,5,3,0
Nursing,Area9,"faculty, care, attend, document, training",0,0,0,0,0,5,1,0
Nursing,Area9,"high, especially, elevate, amphitheater, view",1,0,0,0,0,5,1,0
Nursing,Area9,"stock, aid, update, contract, affiliation",1,0,0,0,0,5,1,0
Nursing,Area9,"complete, tray, procedure, ched, bh",0,0,0,0,0,5,1,0
Nursing,Area9,"update, contract, affiliation, make, room",1,0,0,0,0,5,2,0
Nursing,Area9,"update, contract, affiliation, make, room",1,0,0,0,0,5,2,0
Sociology,Area1,"grammar, simple, adequate, vmgos, include",0,0,0,0,0,5,1,0
Sociology,Area1,"make, concerned, followup, wider, stakeholder",0,0,0,0,0,5,1,0
Sociology,Area1,"discussion, introductory, integral, syllabus, course",0,0,0,0,0,5,1,0
Sociology,Area1,"enable, wellcrafted, medium, vmgos, cover",0,0,0,0,0,5,2,0
Sociology,Area1,"enable, wellcrafted, medium, vmgos, cover",0,0,0,0,0,5,2,0
Sociology,Area1,"result, start, consider, program, serve",1,0,0,0,0,5,4,0
Sociology,Area1,"start, analyze, submit, acceptability, survey",0,0,0,0,0,5,2,0
Sociology,Area1,"feedbacking, employability, study, tracer, threat",0,0,0,0,0,5,2,0
Sociology,Area1,"regular, achieve, outcome, alumnus, feedback",0,0,0,0,0,5,2,0
Sociology,Area1,"result, start, consider, program, serve",1,0,0,0,0,5,4,0
Sociology,Area1,"resort, strengthen, level, disseminate, avenue",0,0,0,0,0,5,2,0
Sociology,Area1,"staff, disseminate, avenue, strengthen, resort",0,0,0,0,0,5,1,0
Sociology,Area1,"resort, strengthen, level, disseminate, avenue",0,0,0,0,0,5,2,0
Sociology,Area1,"quantify, formulation, participation, revision, meaningful",0,0,0,0,0,5,1,0
Sociology,Area1,"evaluation, memorize, explore, comprehension, understand",0,0,0,0,0,5,1,0
Sociology,Area10,"clearly, office, function, define, head",0,0,0,0,0,5,3,0
Sociology,Area10,"plan, development, personnel, update, regular",0,0,0,0,0,5,3,0
Sociology,Area10,"update, faculty, implementation, plan, development",0,0,0,0,0,5,6,0
Sociology,Area10,"work, implementation, development, plan, monitoring",0,0,0,0,0,5,3,0
Sociology,Area10,"update, faculty, implementation, plan, development",0,0,0,0,0,5,6,0
Sociology,Area10,"graduate, determine, study, tracer, administration",1,1,0,0,1,5,2,1
Sociology,Area10,"graduate, determine, study, tracer, administration",1,1,0,0,1,5,2,1
Sociology,Area10,"additional, facility, instructional, equipment, student",1,0,0,0,0,5,1,0
Sociology,Area10,"department, station, devcom, manage, want",0,0,0,0,0,5,2,0
Sociology,Area10,"fourfold, extension, comprehensive, program, include",0,0,0,0,0,5,2,0
Sociology,Area10,"faculty, need, strategy, provide, enrolment",0,0,0,0,0,5,1,0
Sociology,Area10,"seek, sentiment, program, campus, radio",0,0,0,0,0,5,1,0
Sociology,Area10,"tracer, linkage, utilize, continue, ab",0,0,0,0,0,5,1,0
Sociology,Area10,"year, program, need, administration, consider",1,1,0,0,0,5,2,1
Sociology,Area10,"year, program, need, administration, consider",1,1,0,0,0,5,2,1
Sociology,Area2,"consultation, easy, instructor, teacher, indicate",0,0,0,0,0,5,1,0
Sociology,Area2,"faculty, graduate, relevant, complete, course",0,0,0,0,0,5,1,0
Sociology,Area2,"planning, document, evaluation, related, activity",0,0,0,0,0,5,1,0
Sociology,Area2,"effective, efficient, lessen, schedule, class",0,0,0,0,0,5,1,0
Sociology,Area2,"file, orderly, come, college, various",0,0,0,0,0,5,1,0
Sociology,Area2,"result, improve, basis, teach, research",0,0,0,0,0,5,1,0
Sociology,Area2,"kept, committee, echoseminars, seminar, write",0,0,0,0,0,5,1,0
Sociology,Area2,"instruction, facultycore, improve, faculty, conduct",1,1,0,0,1,5,2,1
Sociology,Area2,"class, case, service, learn, faculty",0,0,0,0,0,5,1,0
Sociology,Area2,"instruction, facultycore, improve, faculty, conduct",1,1,0,0,1,5,2,1
Sociology,Area2,"conduct, definite, establish, fairly, clear",1,1,0,0,0,5,1,1
Sociology,Area2,"research, faculty, instruction, quality, suggest",1,1,0,0,0,5,1,1
Sociology,Area2,"increase, allocation, development, maintain, faculty",0,0,0,0,0,5,1,0
Sociology,Area2,"ims, evaluate, committee, want, production",0,0,0,0,0,5,1,0
Sociology,Area2,"accordance, requirement, classroom, program, effective",0,0,0,0,0,5,1,0
Sociology,Area3,"conduct, development, curriculum, objective, seminarworkshop",1,0,0,0,1,5,1,0
Sociology,Area3,"member, encourage, course, syllabus, write",0,0,0,0,0,5,1,0
Sociology,Area3,"course, begin, vmgos, material, teach",0,0,0,0,0,5,1,0
Sociology,Area3,"revise, course, syllabus, effort, team",0,0,0,0,0,5,1,0
Sociology,Area3,"publish, discipline, material, instructional, particular",0,0,0,0,0,5,1,0
Sociology,Area3,"performance, faculty, conduct, student, need",1,0,0,0,0,5,2,0
Sociology,Area3,"visit, minute, meeting, survey, record",0,0,0,0,0,5,1,0
Sociology,Area3,"workshop, school, different, teach, student",0,0,0,0,0,5,1,0
Sociology,Area3,"performance, faculty, conduct, study, academic",1,0,0,0,0,5,1,0
Sociology,Area3,"performance, faculty, conduct, student, need",1,0,0,0,0,5,2,0
Sociology,Area3,"properly, program, socio, ab, consider",0,1,0,0,0,5,2,0
Sociology,Area3,"review, documentation, committee, program, revision",0,0,0,0,0,5,1,0
Sociology,Area3,"pursue, copc, sake, strategy, enrolment",0,0,0,0,0,5,1,0
Sociology,Area3,"lawin, administration, improve, typhoon, library",0,1,0,0,0,5,1,0
Sociology,Area3,"properly, program, socio, ab, consider",0,1,0,0,0,5,2,0
Sociology,Area4,"provision, big, allot, space, office",0,0,0,0,0,5,2,0
Sociology,Area4,"counselor, efficient, aideclerk, effective, test",0,0,0,0,0,5,2,0
Sociology,Area4,"encourage, college, follow, facilitate, evaluation",0,0,0,0,0,5,2,0
Sociology,Area4,"revive, paper, ptca, organize, ca",0,0,0,0,0,5,2,0
Sociology,Area4,"nook, order, counsel, privacy, avail",0,0,0,0,0,5,2,0
Sociology,Area4,"guidance, input, study, student, counsel",0,0,0,0,0,5,1,0
Sociology,Area4,"strictly, monitoring, attend, academic, department",0,0,0,0,0,5,1,0
Sociology,Area4,"ensure, provide, college, student, consider",1,0,0,0,0,5,1,0
Sociology,Area4,"program, consider, test, psychological, university",1,0,0,0,0,5,1,0
Sociology,Area4,"resident, rehabilitation, not_to, old, venue",0,0,0,0,0,5,1,0
Sociology,Area4,"publication, office, equip, separate, fully",0,0,0,0,0,5,1,0
Sociology,Area4,"monitoring, service, evaluation, processing, result",0,0,0,0,0,5,1,0
Sociology,Area4,"propose, analysis, utensil, sanitation, safety",0,0,0,0,0,5,1,0
Sociology,Area4,"provide, allocate, student, affair, research",0,0,0,0,0,5,1,0
Sociology,Area4,"university, guidance, counselor, hire, license",0,0,0,0,0,5,1,0
Sociology,Area5,"research, make, inhouse, review, proceeding",0,0,0,0,0,5,1,0
Sociology,Area5,"thesis, uniformity, regard, write, conduct",0,0,0,0,0,5,1,0
Sociology,Area5,"community, output, utilized, research, activity",0,0,0,0,0,5,1,0
Sociology,Area5,"welfare, utilized, clientele, conduct, research",0,0,0,0,0,5,2,0
Sociology,Area5,"welfare, utilized, clientele, conduct, research",0,0,0,0,0,5,2,0
Sociology,Area5,"local, national, result, encourage, research",0,0,0,0,0,5,3,0
Sociology,Area5,"research, far, incentive, researcher, strengthen",0,0,0,0,0,5,1,0
Sociology,Area5,"local, national, result, encourage, research",0,0,0,0,0,5,3,0
Sociology,Area5,"local, national, result, encourage, research",0,0,0,0,0,5,3,0
Sociology,Area5,"focus, include, program, review, publication",0,0,0,0,0,5,1,0
Sociology,Area5,"copyright, college, income, encourage, research",0,0,0,0,0,5,2,0
Sociology,Area5,"encourage, library, exchange, publication, heis",0,0,0,0,0,5,1,0
Sociology,Area5,"copyright, college, income, encourage, research",0,0,0,0,0,5,2,0
Sociology,Area5,"participate, beneficiary, stakeholder, student, agenda",0,0,0,0,0,5,1,0
Sociology,Area5,"copyright, college, income, patent, consider",0,1,0,0,0,5,1,0
Sociology,Area6,"guideline, follow, state, manual, extension",0,0,0,0,0,5,1,0
Sociology,Area6,"exhibit, accreditation, program, activity, extension",0,0,0,0,0,5,2,0
Sociology,Area6,"exhibit, accreditation, program, activity, extension",0,0,0,0,0,5,2,0
Sociology,Area6,"monitoring, document, extension, program, activity",0,0,0,0,0,5,1,0
Sociology,Area6,"certain, implementation, sustain, achieve, effect",0,0,0,0,0,5,1,0
Sociology,Area6,"instrument, devise, activity, monitoring, evaluation",0,0,0,0,0,5,2,0
Sociology,Area6,"department, extension, student, devise, instrument",0,0,0,0,0,5,1,0
Sociology,Area6,"human, faculty, charge, lecture, utilize",0,0,0,0,0,5,1,0
Sociology,Area6,"instrument, devise, activity, monitoring, evaluation",0,0,0,0,0,5,2,0
Sociology,Area6,"project, properly, documentation, sustain, determine",0,0,0,0,0,5,1,0
Sociology,Area6,"spacious, supply, beneficiary, extension, college",0,1,0,0,0,5,3,0
Sociology,Area6,"spacious, supply, beneficiary, extension, college",0,1,0,0,0,5,3,0
Sociology,Area6,"consider, conduct, community, process, activity",0,1,0,0,0,5,1,0
Sociology,Area6,"spacious, supply, beneficiary, extension, college",0,1,0,0,0,5,3,0
Sociology,Area6,"program, effectiveness, faculty, extension, office",0,0,0,0,0,5,1,0
Sociology,Area7,"current, seminar, workshop, staff, library",0,0,0,0,0,5,4,0
Sociology,Area7,"simple, support, hire, assistant, student",0,0,0,0,0,5,8,0
Sociology,Area7,"develop, collegesuniversitys, adequate, quantity, necessary",0,0,0,0,0,5,4,0
Sociology,Area7,"simple, support, hire, assistant, student",0,0,0,0,0,5,8,0
Sociology,Area7,"online, college, various, effective, information",0,0,0,0,0,5,4,0
Sociology,Area7,"enhance, library, continuously, collection, filipiniana",0,0,0,0,0,5,2,0
Sociology,Area7,"learn, instal, conducive, airconditioning, place",0,0,0,0,0,5,2,0
Sociology,Area7,"setup, consider, maximize, curricular, offering",1,0,0,0,0,5,2,0
Sociology,Area7,"material, general, care, preservation, welfare",1,0,0,0,0,5,2,0
Sociology,Area7,"area, continuously, collection, enhance, library",0,0,0,0,0,5,2,0
Sociology,Area7,"survey, book, policy, formulate, development",0,0,0,0,0,5,1,0
Sociology,Area7,"reading, mmsu, support, collection, library",0,0,0,0,0,5,2,0
Sociology,Area7,"section, library, affected, area, need",0,0,0,0,0,5,1,0
Sociology,Area7,"college, provide, center, faculty, collection",0,0,0,0,0,5,1,0
Sociology,Area7,"reading, mmsu, support, collection, library",0,0,0,0,0,5,2,0
Sociology,Area8,"highly, test, lesser, water, drinking",0,0,0,0,0,5,1,0
Sociology,Area8,"program, wiring, pest, protect, building",0,0,0,0,0,5,1,0
Sociology,Area8,"college, brownout, availability, storage, water",0,0,0,0,0,5,1,0
Sociology,Area8,"beautiful, certificate, law, display, occupancy",0,0,0,0,0,5,1,0
Sociology,Area8,"extinguisher, easy, laboratory, room, classroom",1,0,0,0,1,5,1,0
Sociology,Area8,"extinguisher, college, room, inside, place",1,0,0,0,0,5,1,0
Sociology,Area8,"produce, different, properly, label, originate",0,0,0,0,0,5,1,0
Sociology,Area8,"improve, continue, make, conducive, learn",0,0,0,0,0,5,1,0
Sociology,Area8,"endanger, extinguisher, community, proper, not_to",1,1,0,0,1,5,1,1
Sociology,Area8,"entrance, map, install, development, vicinity",0,0,0,0,0,5,1,0
Sociology,Area8,"proper, cleanliness, concern, everybodys, equipment",1,1,0,0,0,5,1,1
Sociology,Area8,"person, need, fixture, ramp, accommodation",0,0,0,0,0,5,1,0
Sociology,Area8,"different, office, comfort, additional, water",0,1,0,0,0,5,1,0
Sociology,Area8,"dress, center, university, sport, locker",0,0,0,0,0,5,1,0
Sociology,Area8,"inside, proper, student, provide, facility",1,1,0,0,0,5,1,1
Sociology,Area9,"laboratory, standard, conform, acceptable, room",1,0,0,0,1,5,1,0
Sociology,Area9,"outside, employee, make, measure, safety",0,0,0,0,0,5,1,0
Sociology,Area9,"equipment, separate, encourage, knowledge, student",0,0,0,0,0,5,1,0
Sociology,Area9,"laboratory, not_to, water, conduct, exercise",0,0,0,0,0,5,1,0
Sociology,Area9,"student, make, laboratory, instal, room",1,0,0,0,1,5,1,0
Sociology,Area9,"need, repaint, resource, air, unit",0,0,0,0,0,5,1,0
Sociology,Area9,"repaint, resource, air, unit, laboratory",1,0,0,0,0,5,3,0
Sociology,Area9,"duty, custodian, consider, hire, function",1,0,0,0,0,5,1,0
Sociology,Area9,"repaint, resource, air, unit, laboratory",1,0,0,0,0,5,3,0
Sociology,Area9,"repaint, resource, air, unit, laboratory",1,0,0,0,0,5,3,0
Sociology,Area9,"maintenance, orderliness, room, student, tapped",0,1,0,0,0,5,1,0
Sociology,Area9,"laboratory, consider, equipment, periodic, upgrade",0,1,0,0,0,5,1,0
Sociology,Area9,"material, safely, store, supply, laboratory",0,1,0,0,0,5,2,0
Sociology,Area9,"laboratory, material, safely, store, supply",0,1,0,0,0,5,1,0
Sociology,Area9,"material, safely, store, supply, laboratory",0,1,0,0,0,5,2,0
Theraphy,Area1,"pt, include, bulletin, statement, department",0,0,0,0,0,5,1,0
Theraphy,Area1,"formulation, document, participation, stakeholder, revision",0,0,0,0,0,5,1,0
Theraphy,Area1,"guideline, awareness, not_interpreted, conduct, survey",0,0,0,0,0,5,1,0
Theraphy,Area1,"awareness, not_interpreted, interpret, department, pt",0,0,0,0,0,5,2,0
Theraphy,Area1,"awareness, not_interpreted, interpret, department, pt",0,0,0,0,0,5,2,0
Theraphy,Area10,"encourage, no_documents, planning, student, unit",0,0,0,0,0,5,4,0
Theraphy,Area10,"encourage, no_documents, planning, student, unit",0,0,0,0,0,5,4,0
Theraphy,Area10,"no_documents, planning, student, unit, participation",0,0,0,0,0,5,1,0
Theraphy,Area10,"encourage, no_documents, planning, student, unit",0,0,0,0,0,5,4,0
Theraphy,Area10,"encourage, no_documents, planning, student, unit",0,0,0,0,0,5,4,0
Theraphy,Area2,"instructional, enforcement, professional, member, faculty",0,0,0,0,0,5,1,0
Theraphy,Area2,"member, lisenced, enjoin, renew, license",0,0,0,0,0,5,1,0
Theraphy,Area2,"policy, create, committee, breeding, formulate",0,0,0,0,0,5,1,0
Theraphy,Area2,"modular, instructional, activity, professional, development",0,0,0,0,0,5,1,0
Theraphy,Area2,"material, university, update, syllabus, include",0,0,0,0,0,5,1,0
Theraphy,Area3,"pt, faculty, teach, area, list",0,0,0,0,0,5,1,0
Theraphy,Area3,"prepare, specification, examination, table, midterm",0,0,0,0,0,5,1,0
Theraphy,Area3,"sample, assessment, tool, individual, difference",0,0,0,0,0,5,1,0
Theraphy,Area3,"faculty, pt, teach, area, subject",0,0,0,0,0,5,1,0
Theraphy,Area3,"academic, current, course, syllabus, year",0,0,0,0,0,5,1,0
Theraphy,Area4,"update, service, guidance, scholarship, document",0,0,0,0,0,5,2,0
Theraphy,Area4,"outminist, documentary, progress, secure, grant",0,0,0,0,0,5,1,0
Theraphy,Area4,"update, service, guidance, scholarship, document",0,0,0,0,0,5,2,0
Theraphy,Area4,"extra, activitites, example, service, student",0,0,0,0,0,5,1,0
Theraphy,Area4,"presentation, include, ay, update, document",0,0,0,0,0,5,1,0
Theraphy,Area5,"formation, edit, abstract, research, program",0,0,0,0,0,5,1,0
Theraphy,Area5,"information, include, asset, progress, update",0,0,0,0,0,5,1,0
Theraphy,Area5,"encourage, conduct, pt, faculty, research",0,0,0,0,0,5,2,0
Theraphy,Area5,"encourage, conduct, pt, faculty, research",0,0,0,0,0,5,2,0
Theraphy,Area5,"research, pt, faculty, encourage, conduct",0,0,0,0,0,5,1,0
Theraphy,Area6,"survey, ownbordermanship, instrument, pt, adapt",0,0,0,0,0,5,1,0
Theraphy,Area6,"project, provide, evidence, engagement, outsource",0,0,0,0,0,5,1,0
Theraphy,Area6,"study, suggest, document, official, program",0,0,0,0,0,5,1,0
Theraphy,Area6,"program, department, longterm, draft, sustainable",0,0,0,0,0,5,1,0
Theraphy,Area6,"engagement, outsource, department, program, extension",0,0,0,0,0,5,1,0
Theraphy,Area7,"document, collection, available, sufficient, survey",0,0,0,0,0,5,4,0
Theraphy,Area7,"document, collection, available, sufficient, survey",0,0,0,0,0,5,4,0
Theraphy,Area7,"collection, available, management, survey, library",0,0,0,0,0,5,1,0
Theraphy,Area7,"document, collection, available, sufficient, survey",0,0,0,0,0,5,4,0
Theraphy,Area7,"document, collection, available, sufficient, survey",0,0,0,0,0,5,4,0
Theraphy,Area8,"campus, building, available, maintenance, waste",0,0,0,0,0,5,5,0
Theraphy,Area8,"campus, building, available, maintenance, waste",0,0,0,0,0,5,5,0
Theraphy,Area8,"campus, building, available, maintenance, waste",0,0,0,0,0,5,5,0
Theraphy,Area8,"campus, building, available, maintenance, waste",0,0,0,0,0,5,5,0
Theraphy,Area8,"campus, building, available, maintenance, waste",0,0,0,0,0,5,5,0
Theraphy,Area9,"date, center, available, not_periodicals, student",0,0,0,0,0,5,4,0
Theraphy,Area9,"date, center, available, not_periodicals, student",0,0,0,0,0,5,4,0
Theraphy,Area9,"date, center, available, not_periodicals, student",0,0,0,0,0,5,4,0
Theraphy,Area9,"date, center, available, not_periodicals, student",0,0,0,0,0,5,4,0
Theraphy,Area9,"specific, student, laboratory, facility, equipment",0,0,0,0,0,5,1,0
Therapy,Area1,"reflect, airtime, radio, consider, program",1,0,0,0,0,5,1,0
Therapy,Area1,"want, strategy, follow, dissemination, wider",0,0,0,0,0,5,1,0
Therapy,Area1,"post, placard, school, location, outside",0,0,0,0,0,5,1,0
Therapy,Area1,"stakeholder, formulation, future, invite, reviewenhancement",0,0,0,0,0,5,1,0
Therapy,Area1,"want, strategic, college, consider, university",1,0,0,0,0,5,1,0
Therapy,Area10,"student, attendance, faculty, member, service",0,0,0,0,0,5,1,0
Therapy,Area10,"property, fixture, physical, hire, therapy",0,0,0,0,0,5,1,0
Therapy,Area10,"chief, make, importance, shall, document",0,0,0,0,0,5,1,0
Therapy,Area10,"school, assign, personnel, university, office",0,0,0,0,0,5,1,0
Therapy,Area10,"conspicuous, result, happen, box, suggestion",0,0,0,0,0,5,1,0
Therapy,Area2,"university, research, copyright, consider, manual",1,0,0,0,0,5,1,0
Therapy,Area2,"copyright, conduct, patent, university, faculty",1,0,0,0,0,5,1,0
Therapy,Area2,"workbook, laboratory, material, enjoin, instructional",1,0,0,0,0,5,1,0
Therapy,Area2,"refereed, present, faculty, research, member",0,0,0,0,0,5,1,0
Therapy,Area2,"sponsor, educational, extend, administration, agenciesfoundations",1,0,0,0,0,5,1,0
Therapy,Area3,"workbook, manual, faculty, administration, university",1,0,0,0,0,5,2,0
Therapy,Area3,"make, graduate, university, program, curriculum",0,0,0,0,0,5,1,0
Therapy,Area3,"member, instructional, material, examination, review",1,0,0,0,0,5,1,0
Therapy,Area3,"workbook, manual, faculty, administration, university",1,0,0,0,0,5,2,0
Therapy,Area3,"financially, govern, law, faculty, publication",0,0,0,0,0,5,1,0
Therapy,Area4,"effectiveness, program, activity, student, administration",1,0,0,0,0,5,2,0
Therapy,Area4,"fund, relevance, student, development, academic",0,0,0,0,0,5,1,0
Therapy,Area4,"document, state, provision, unit, student",1,0,0,0,0,5,1,0
Therapy,Area4,"monitor, tool, evaluate, delivery, instrument",0,0,0,0,0,5,1,0
Therapy,Area4,"effectiveness, program, activity, student, administration",1,0,0,0,0,5,2,0
Therapy,Area5,"research, team, conduct, therapy, physical",1,0,0,0,0,5,1,0
Therapy,Area5,"consider, writer, support, policy, financial",1,0,0,0,0,5,1,0
Therapy,Area5,"produce, recommendation, reiterates, team, research",0,0,0,0,0,5,1,0
Therapy,Area5,"income, university, generate, technology, new",0,0,0,0,0,5,1,0
Therapy,Area5,"research, member, faculty, skill, ability",0,0,0,0,0,5,1,0
Therapy,Area6,"help, organization, pool, expertspractitioners, activity",0,0,0,0,0,5,1,0
Therapy,Area6,"improvement, tool, team, new, return",0,0,0,0,0,5,1,0
Therapy,Area6,"preliminary, environmental, inclusion, endowment, survey",0,0,0,0,0,5,1,0
Therapy,Area6,"recommends, recommendation, reiterates, community, team",0,0,0,0,0,5,1,0
Therapy,Area6,"continuously, far, sustain, service, source",0,0,0,0,0,5,1,0
Therapy,Area7,"library, standard, furthermore, evaluate, program",0,0,0,0,0,5,2,0
Therapy,Area7,"library, standard, furthermore, evaluate, program",0,0,0,0,0,5,2,0
Therapy,Area7,"collection, library, policy, development, plan",0,0,0,0,0,5,1,0
Therapy,Area7,"librarian, particular, set, survey, forth",0,0,0,0,0,5,1,0
Therapy,Area7,"program, professional, recent, book, acquisition",0,0,0,0,0,5,1,0
Therapy,Area8,"consider, provide, building, facility, administration",1,0,0,0,0,5,2,0
Therapy,Area8,"visible, make, secure, certificate, occupancy",0,0,0,0,0,5,2,0
Therapy,Area8,"visibly, refurbishment, service, clientele, canteencafeteria",0,0,0,0,0,5,1,0
Therapy,Area8,"consider, provide, building, facility, administration",1,0,0,0,0,5,2,0
Therapy,Area8,"housing, dormitory, staff, amenity, student",0,0,0,0,0,5,1,0
Therapy,Area9,"high, equipmentapparatus, training, schedule, conduct",1,0,0,0,0,5,1,0
Therapy,Area9,"instruction, consideration, modification, work, laboratory",1,0,0,0,0,5,1,0
Therapy,Area9,"supply, construction, laboratory, room, safe",1,0,0,0,0,5,1,0
Therapy,Area9,"safekeeping, state, handle, art, necessary",1,0,0,0,0,5,1,0
Therapy,Area9,"repair, apparatus, administration, additional, equipment",1,0,0,0,0,5,1,0
